"Tweet id","Tweet permalink","Tweet text","time","impressions","engagements","engagement rate","retweets","replies","likes","user profile clicks","url clicks","hashtag clicks","detail expands","permalink clicks","app opens","app installs","follows","email tweet","dial phone","media views","media engagements","promoted impressions","promoted engagements","promoted engagement rate","promoted retweets","promoted replies","promoted likes","promoted user profile clicks","promoted url clicks","promoted hashtag clicks","promoted detail expands","promoted permalink clicks","promoted app opens","promoted app installs","promoted follows","promoted email tweet","promoted dial phone","promoted media views","promoted media engagements"
"881657689679507458","https://twitter.com/nickwan/status/881657689679507458","@gingerest @neurofim @CousinAmygdala @nucAmbiguous @munchies also like those MSG packets are great for other things","2017-07-02 23:35 +0000","44.0","2.0","0.045454545454545456","0.0","1.0","0.0","0.0","0.0","0.0","1.0","0.0","0","0","0","0","0","0","0","-","-","-","-","-","-","-","-","-","-","-","-","-","-","-","-","-","-"
"881657210669080576","https://twitter.com/nickwan/status/881657210669080576","@AadilBharwani this i know from sfn","2017-07-02 23:33 +0000","126.0","3.0","0.023809523809523808","0.0","1.0","1.0","0.0","0.0","0.0","1.0","0.0","0","0","0","0","0","0","0","-","-","-","-","-","-","-","-","-","-","-","-","-","-","-","-","-","-"
"881653351225667585","https://twitter.com/nickwan/status/881653351225667585","@CousinAmygdala @nucAmbiguous @neurofim @munchies yeah well that's just like your opinion man dot gif","2017-07-02 23:18 +0000","245.0","8.0","0.0326530612244898","0.0","1.0","2.0","0.0","0.0","0.0","5.0","0.0","0","0","0","0","0","0","0","-","-","-","-","-","-","-","-","-","-","-","-","-","-","-","-","-","-"
"881652198022815749","https://twitter.com/nickwan/status/881652198022815749","@AadilBharwani my suit game is high. but i've been more akin to just slacks and a shirt lately. too humid for full get up here","2017-07-02 23:13 +0000","112.0","1.0","0.008928571428571428","0.0","1.0","0.0","0.0","0.0","0.0","0.0","0.0","0","0","0","0","0","0","0","-","-","-","-","-","-","-","-","-","-","-","-","-","-","-","-","-","-"
"881651936071700480","https://twitter.com/nickwan/status/881651936071700480","@nucAmbiguous @neurofim @munchies yeah well how else are we going to save money for a house but enjoy the semblance of toast-like things","2017-07-02 23:12 +0000","260.0","8.0","0.03076923076923077","0.0","2.0","3.0","0.0","0.0","0.0","3.0","0.0","0","0","0","0","0","0","0","-","-","-","-","-","-","-","-","-","-","-","-","-","-","-","-","-","-"
"881650534679228416","https://twitter.com/nickwan/status/881650534679228416","@nucAmbiguous @neurofim @munchies that's it. peanut butter. then you eat the raw noods","2017-07-02 23:07 +0000","173.0","3.0","0.017341040462427744","0.0","1.0","0.0","0.0","0.0","0.0","2.0","0.0","0","0","0","0","0","0","0","-","-","-","-","-","-","-","-","-","-","-","-","-","-","-","-","-","-"
"881650429863571457","https://twitter.com/nickwan/status/881650429863571457","@CausalKathy i know!!! :(","2017-07-02 23:06 +0000","47.0","1.0","0.02127659574468085","0.0","0.0","1.0","0.0","0.0","0.0","0.0","0.0","0","0","0","0","0","0","0","-","-","-","-","-","-","-","-","-","-","-","-","-","-","-","-","-","-"
"881650390592348160","https://twitter.com/nickwan/status/881650390592348160","@AadilBharwani like your actual suits. as a suit wearing grad student, i appreciate other suit wearers","2017-07-02 23:06 +0000","68.0","2.0","0.029411764705882353","0.0","1.0","0.0","0.0","0.0","0.0","1.0","0.0","0","0","0","0","0","0","0","-","-","-","-","-","-","-","-","-","-","-","-","-","-","-","-","-","-"
"881637638675058689","https://twitter.com/nickwan/status/881637638675058689","@neurofim @munchies No","2017-07-02 22:16 +0000","205.0","8.0","0.03902439024390244","0.0","2.0","0.0","1.0","0.0","0.0","5.0","0.0","0","0","0","0","0","0","0","-","-","-","-","-","-","-","-","-","-","-","-","-","-","-","-","-","-"
"881637101502160897","https://twitter.com/nickwan/status/881637101502160897","@AadilBharwani Why are your suits so good","2017-07-02 22:13 +0000","100.0","1.0","0.01","0.0","1.0","0.0","0.0","0.0","0.0","0.0","0.0","0","0","0","0","0","0","0","-","-","-","-","-","-","-","-","-","-","-","-","-","-","-","-","-","-"
"881636952059125761","https://twitter.com/nickwan/status/881636952059125761","@RyanMaynard00 @drosophilosophy @lordtaco I just live that taco life. I even have taco clothes","2017-07-02 22:13 +0000","84.0","1.0","0.011904761904761904","0.0","0.0","1.0","0.0","0.0","0.0","0.0","0.0","0","0","0","0","0","0","0","-","-","-","-","-","-","-","-","-","-","-","-","-","-","-","-","-","-"
"881636412080214016","https://twitter.com/nickwan/status/881636412080214016","@AadilBharwani You don't even follow the leafs?!","2017-07-02 22:11 +0000","45.0","1.0","0.022222222222222223","0.0","1.0","0.0","0.0","0.0","0.0","0.0","0.0","0","0","0","0","0","0","0","-","-","-","-","-","-","-","-","-","-","-","-","-","-","-","-","-","-"
"881636076972105728","https://twitter.com/nickwan/status/881636076972105728","@drosophilosophy Rip in piece","2017-07-02 22:09 +0000","88.0","0.0","0.0","0.0","0.0","0.0","0.0","0.0","0.0","0.0","0.0","0","0","0","0","0","0","0","-","-","-","-","-","-","-","-","-","-","-","-","-","-","-","-","-","-"
"881636017454948352","https://twitter.com/nickwan/status/881636017454948352","@AadilBharwani Maybe for the leafs. I think we sjs fans wanted patty to be a shark for life but you know... Business etc","2017-07-02 22:09 +0000","67.0","2.0","0.029850746268656716","0.0","1.0","1.0","0.0","0.0","0.0","0.0","0.0","0","0","0","0","0","0","0","-","-","-","-","-","-","-","-","-","-","-","-","-","-","-","-","-","-"
"881635054836998146","https://twitter.com/nickwan/status/881635054836998146","ðŸ˜© https://t.co/z32tN6XeN8","2017-07-02 22:05 +0000","602.0","3.0","0.0049833887043189366","0.0","2.0","0.0","0.0","0.0","0.0","1.0","0.0","0","0","0","0","0","0","0","-","-","-","-","-","-","-","-","-","-","-","-","-","-","-","-","-","-"
"881634605345976325","https://twitter.com/nickwan/status/881634605345976325","@drosophilosophy I can't wait to see some people tweet about tacos","2017-07-02 22:04 +0000","156.0","3.0","0.019230769230769232","0.0","1.0","1.0","1.0","0.0","0.0","0.0","0.0","0","0","0","0","0","0","0","-","-","-","-","-","-","-","-","-","-","-","-","-","-","-","-","-","-"
"881634429529198594","https://twitter.com/nickwan/status/881634429529198594","@susanallora Same x1000000","2017-07-02 22:03 +0000","11.0","2.0","0.18181818181818182","0.0","0.0","1.0","0.0","0.0","0.0","1.0","0.0","0","0","0","0","0","0","0","-","-","-","-","-","-","-","-","-","-","-","-","-","-","-","-","-","-"
"881606765963603968","https://twitter.com/nickwan/status/881606765963603968","@alinapaz lolol","2017-07-02 20:13 +0000","55.0","0.0","0.0","0.0","0.0","0.0","0.0","0.0","0.0","0.0","0.0","0","0","0","0","0","0","0","-","-","-","-","-","-","-","-","-","-","-","-","-","-","-","-","-","-"
"881586231540404225","https://twitter.com/nickwan/status/881586231540404225","@Lylli ðŸ¤¤ðŸ¤¤ðŸ¤¤","2017-07-02 18:51 +0000","107.0","2.0","0.018691588785046728","0.0","0.0","0.0","0.0","0.0","0.0","2.0","0.0","0","0","0","0","0","0","0","-","-","-","-","-","-","-","-","-","-","-","-","-","-","-","-","-","-"
"881496856303480832","https://twitter.com/nickwan/status/881496856303480832","Solid caption @munchies https://t.co/da94gcG1B5","2017-07-02 12:56 +0000","768.0","110.0","0.14322916666666666","0.0","1.0","1.0","1.0","12.0","0.0","6.0","0.0","0","0","0","0","0","89","89","-","-","-","-","-","-","-","-","-","-","-","-","-","-","-","-","-","-"
"881390355366785024","https://twitter.com/nickwan/status/881390355366785024","@amy_nusbaum @ZachENQ Zero surprise","2017-07-02 05:53 +0000","1260.0","2.0","0.0015873015873015873","0.0","0.0","0.0","1.0","0.0","0.0","1.0","0.0","0","0","0","0","0","0","0","-","-","-","-","-","-","-","-","-","-","-","-","-","-","-","-","-","-"
"881387988726554624","https://twitter.com/nickwan/status/881387988726554624","@ZachENQ Well this one escalated quickly","2017-07-02 05:44 +0000","1340.0","11.0","0.008208955223880597","0.0","1.0","0.0","4.0","0.0","0.0","6.0","0.0","0","0","0","0","0","0","0","-","-","-","-","-","-","-","-","-","-","-","-","-","-","-","-","-","-"
"881378217659158528","https://twitter.com/nickwan/status/881378217659158528","@RealMitchHowe Pac in 6","2017-07-02 05:05 +0000","28.0","1.0","0.03571428571428571","0.0","0.0","0.0","0.0","0.0","0.0","1.0","0.0","0","0","0","0","0","0","0","-","-","-","-","-","-","-","-","-","-","-","-","-","-","-","-","-","-"
"881377560134901760","https://twitter.com/nickwan/status/881377560134901760","lol dude. manny's face vs horn's face. seriously.","2017-07-02 05:02 +0000","422.0","0.0","0.0","0.0","0.0","0.0","0.0","0.0","0.0","0.0","0.0","0","0","0","0","0","0","0","-","-","-","-","-","-","-","-","-","-","-","-","-","-","-","-","-","-"
"881376860088782850","https://twitter.com/nickwan/status/881376860088782850","unanimous decision too. wow","2017-07-02 04:59 +0000","368.0","1.0","0.002717391304347826","0.0","0.0","0.0","0.0","0.0","0.0","1.0","0.0","0","0","0","0","0","0","0","-","-","-","-","-","-","-","-","-","-","-","-","-","-","-","-","-","-"
"881376456194101248","https://twitter.com/nickwan/status/881376456194101248","Pacquiao in 6","2017-07-02 04:58 +0000","358.0","1.0","0.002793296089385475","0.0","0.0","0.0","0.0","0.0","0.0","1.0","0.0","0","0","0","0","0","0","0","-","-","-","-","-","-","-","-","-","-","-","-","-","-","-","-","-","-"
"881376385343860736","https://twitter.com/nickwan/status/881376385343860736","what. the. fuck. 

WHAT WERE THEY WATCHING?!","2017-07-02 04:58 +0000","368.0","3.0","0.008152173913043478","0.0","0.0","0.0","0.0","0.0","0.0","3.0","0.0","0","0","0","0","0","0","0","-","-","-","-","-","-","-","-","-","-","-","-","-","-","-","-","-","-"
"881376259921641472","https://twitter.com/nickwan/status/881376259921641472","WHOA","2017-07-02 04:57 +0000","348.0","0.0","0.0","0.0","0.0","0.0","0.0","0.0","0.0","0.0","0.0","0","0","0","0","0","0","0","-","-","-","-","-","-","-","-","-","-","-","-","-","-","-","-","-","-"
"881375887748456448","https://twitter.com/nickwan/status/881375887748456448","tbh i'm excited to know how close i was vs the judges","2017-07-02 04:56 +0000","371.0","1.0","0.0026954177897574125","0.0","0.0","0.0","0.0","0.0","0.0","1.0","0.0","0","0","0","0","0","0","0","-","-","-","-","-","-","-","-","-","-","-","-","-","-","-","-","-","-"
"881375815992324096","https://twitter.com/nickwan/status/881375815992324096","horn matched manny with power some rounds. couldn't deal with the volume. that's a familiar calling card from the old pac man","2017-07-02 04:55 +0000","400.0","1.0","0.0025","0.0","1.0","0.0","0.0","0.0","0.0","0.0","0.0","0","0","0","0","0","0","0","-","-","-","-","-","-","-","-","-","-","-","-","-","-","-","-","-","-"
"881375565504184320","https://twitter.com/nickwan/status/881375565504184320","horn 111
pac 117","2017-07-02 04:54 +0000","387.0","3.0","0.007751937984496124","0.0","1.0","0.0","1.0","0.0","0.0","1.0","0.0","0","0","0","0","0","0","0","-","-","-","-","-","-","-","-","-","-","-","-","-","-","-","-","-","-"
"881375368799821824","https://twitter.com/nickwan/status/881375368799821824","not argentina lmao","2017-07-02 04:53 +0000","358.0","0.0","0.0","0.0","0.0","0.0","0.0","0.0","0.0","0.0","0.0","0","0","0","0","0","0","0","-","-","-","-","-","-","-","-","-","-","-","-","-","-","-","-","-","-"
"881374627653599232","https://twitter.com/nickwan/status/881374627653599232","horn 102
pac 107

that's it. horn needs everything here.","2017-07-02 04:51 +0000","342.0","0.0","0.0","0.0","0.0","0.0","0.0","0.0","0.0","0.0","0.0","0","0","0","0","0","0","0","-","-","-","-","-","-","-","-","-","-","-","-","-","-","-","-","-","-"
"881373733923020804","https://twitter.com/nickwan/status/881373733923020804","@ericbgonzales absolutely lol","2017-07-02 04:47 +0000","20.0","5.0","0.25","0.0","1.0","0.0","0.0","0.0","0.0","4.0","0.0","0","0","0","0","0","0","0","-","-","-","-","-","-","-","-","-","-","-","-","-","-","-","-","-","-"
"881373696216223744","https://twitter.com/nickwan/status/881373696216223744","horn 93
pac 97","2017-07-02 04:47 +0000","350.0","0.0","0.0","0.0","0.0","0.0","0.0","0.0","0.0","0.0","0.0","0","0","0","0","0","0","0","-","-","-","-","-","-","-","-","-","-","-","-","-","-","-","-","-","-"
"881373173064900608","https://twitter.com/nickwan/status/881373173064900608","@ericbgonzales really good. manny wants that KO","2017-07-02 04:45 +0000","17.0","3.0","0.17647058823529413","0.0","1.0","0.0","0.0","0.0","0.0","2.0","0.0","0","0","0","0","0","0","0","-","-","-","-","-","-","-","-","-","-","-","-","-","-","-","-","-","-"
"881372818478432261","https://twitter.com/nickwan/status/881372818478432261","could be 87 83.... a 10-8 round? idk tho.","2017-07-02 04:43 +0000","365.0","0.0","0.0","0.0","0.0","0.0","0.0","0.0","0.0","0.0","0.0","0","0","0","0","0","0","0","-","-","-","-","-","-","-","-","-","-","-","-","-","-","-","-","-","-"
"881372569567408128","https://twitter.com/nickwan/status/881372569567408128","okay one more rd","2017-07-02 04:42 +0000","370.0","1.0","0.002702702702702703","0.0","1.0","0.0","0.0","0.0","0.0","0.0","0.0","0","0","0","0","0","0","0","-","-","-","-","-","-","-","-","-","-","-","-","-","-","-","-","-","-"
"881372519789461509","https://twitter.com/nickwan/status/881372519789461509","OMG OMG REF WANTS THIS STOP IT","2017-07-02 04:42 +0000","265.0","2.0","0.007547169811320755","0.0","1.0","0.0","1.0","0.0","0.0","0.0","0.0","0","0","0","0","0","0","0","-","-","-","-","-","-","-","-","-","-","-","-","-","-","-","-","-","-"
"881372477678641152","https://twitter.com/nickwan/status/881372477678641152","horn 84
pac 87

pac wanted that KO. oMG","2017-07-02 04:42 +0000","388.0","1.0","0.002577319587628866","0.0","1.0","0.0","0.0","0.0","0.0","0.0","0.0","0","0","0","0","0","0","0","-","-","-","-","-","-","-","-","-","-","-","-","-","-","-","-","-","-"
"881372141094146048","https://twitter.com/nickwan/status/881372141094146048","KO imminent","2017-07-02 04:41 +0000","330.0","3.0","0.00909090909090909","0.0","1.0","0.0","0.0","0.0","0.0","2.0","0.0","0","0","0","0","0","0","0","-","-","-","-","-","-","-","-","-","-","-","-","-","-","-","-","-","-"
"881372078087315456","https://twitter.com/nickwan/status/881372078087315456","horn is hurt","2017-07-02 04:40 +0000","280.0","0.0","0.0","0.0","0.0","0.0","0.0","0.0","0.0","0.0","0.0","0","0","0","0","0","0","0","-","-","-","-","-","-","-","-","-","-","-","-","-","-","-","-","-","-"
"881372041479323648","https://twitter.com/nickwan/status/881372041479323648","horn looks slow","2017-07-02 04:40 +0000","282.0","0.0","0.0","0.0","0.0","0.0","0.0","0.0","0.0","0.0","0.0","0","0","0","0","0","0","0","-","-","-","-","-","-","-","-","-","-","-","-","-","-","-","-","-","-"
"881371821500661762","https://twitter.com/nickwan/status/881371821500661762","lol imagine yall! https://t.co/GBLz0PYpAk","2017-07-02 04:39 +0000","283.0","1.0","0.0035335689045936395","0.0","0.0","0.0","1.0","0.0","0.0","0.0","0.0","0","0","0","0","0","0","0","-","-","-","-","-","-","-","-","-","-","-","-","-","-","-","-","-","-"
"881371510946103296","https://twitter.com/nickwan/status/881371510946103296","hard one to say. pac i think? 

horn 75
pac 77","2017-07-02 04:38 +0000","260.0","0.0","0.0","0.0","0.0","0.0","0.0","0.0","0.0","0.0","0.0","0","0","0","0","0","0","0","-","-","-","-","-","-","-","-","-","-","-","-","-","-","-","-","-","-"
"881370442363273216","https://twitter.com/nickwan/status/881370442363273216","that was a horn round easy.","2017-07-02 04:34 +0000","147.0","0.0","0.0","0.0","0.0","0.0","0.0","0.0","0.0","0.0","0.0","0","0","0","0","0","0","0","-","-","-","-","-","-","-","-","-","-","-","-","-","-","-","-","-","-"
"881370388810391556","https://twitter.com/nickwan/status/881370388810391556","horn 66
pac 67","2017-07-02 04:34 +0000","159.0","4.0","0.025157232704402517","0.0","1.0","0.0","1.0","0.0","0.0","2.0","0.0","0","0","0","0","0","0","0","-","-","-","-","-","-","-","-","-","-","-","-","-","-","-","-","-","-"
"881369841126580224","https://twitter.com/nickwan/status/881369841126580224","apparently ESPN dude has this handily for pac rn. if you like the stats, that's probably right.","2017-07-02 04:31 +0000","164.0","0.0","0.0","0.0","0.0","0.0","0.0","0.0","0.0","0.0","0.0","0","0","0","0","0","0","0","-","-","-","-","-","-","-","-","-","-","-","-","-","-","-","-","-","-"
"881369281996476416","https://twitter.com/nickwan/status/881369281996476416","horn 56
pac 58

horn had good pacing this entire round. although if you're a stats guy, that's more shots for pac this rd too...","2017-07-02 04:29 +0000","209.0","3.0","0.014354066985645933","0.0","1.0","0.0","1.0","0.0","0.0","1.0","0.0","0","0","0","0","0","0","0","-","-","-","-","-","-","-","-","-","-","-","-","-","-","-","-","-","-"
"881369050949046272","https://twitter.com/nickwan/status/881369050949046272","even with that pop, manny has all these head taps this round...","2017-07-02 04:28 +0000","142.0","1.0","0.007042253521126761","0.0","0.0","0.0","0.0","0.0","0.0","1.0","0.0","0","0","0","0","0","0","0","-","-","-","-","-","-","-","-","-","-","-","-","-","-","-","-","-","-"
"881367949214441472","https://twitter.com/nickwan/status/881367949214441472","horn 46
pac 49

easy call that round","2017-07-02 04:24 +0000","137.0","2.0","0.014598540145985401","0.0","0.0","0.0","1.0","0.0","0.0","1.0","0.0","0","0","0","0","0","0","0","-","-","-","-","-","-","-","-","-","-","-","-","-","-","-","-","-","-"
"881367600021860352","https://twitter.com/nickwan/status/881367600021860352","keep thinking that ""oxmar"" sign actually says ""obama"" 

it doesn't.","2017-07-02 04:23 +0000","149.0","1.0","0.006711409395973154","0.0","0.0","0.0","0.0","0.0","0.0","1.0","0.0","0","0","0","0","0","0","0","-","-","-","-","-","-","-","-","-","-","-","-","-","-","-","-","-","-"
"881367373512572928","https://twitter.com/nickwan/status/881367373512572928","those liver shots are not fun. haven't seen horn land body shots much","2017-07-02 04:22 +0000","145.0","0.0","0.0","0.0","0.0","0.0","0.0","0.0","0.0","0.0","0.0","0","0","0","0","0","0","0","-","-","-","-","-","-","-","-","-","-","-","-","-","-","-","-","-","-"
"881366990094512130","https://twitter.com/nickwan/status/881366990094512130","horn 37
pac 39

could have been for horn if you favored the early power in the round","2017-07-02 04:20 +0000","155.0","0.0","0.0","0.0","0.0","0.0","0.0","0.0","0.0","0.0","0.0","0","0","0","0","0","0","0","-","-","-","-","-","-","-","-","-","-","-","-","-","-","-","-","-","-"
"881366553496879104","https://twitter.com/nickwan/status/881366553496879104","this is a spirited round","2017-07-02 04:18 +0000","116.0","0.0","0.0","0.0","0.0","0.0","0.0","0.0","0.0","0.0","0.0","0","0","0","0","0","0","0","-","-","-","-","-","-","-","-","-","-","-","-","-","-","-","-","-","-"
"881365995826401280","https://twitter.com/nickwan/status/881365995826401280","horn did have more volume, but pac landed a lot without a lot of volume","2017-07-02 04:16 +0000","148.0","0.0","0.0","0.0","0.0","0.0","0.0","0.0","0.0","0.0","0.0","0","0","0","0","0","0","0","-","-","-","-","-","-","-","-","-","-","-","-","-","-","-","-","-","-"
"881365874984316933","https://twitter.com/nickwan/status/881365874984316933","horn 28
pac 29","2017-07-02 04:16 +0000","369.0","2.0","0.005420054200542005","0.0","1.0","1.0","0.0","0.0","0.0","0.0","0.0","0","0","0","0","0","0","0","-","-","-","-","-","-","-","-","-","-","-","-","-","-","-","-","-","-"
"881364981941403650","https://twitter.com/nickwan/status/881364981941403650","horn 19
pac 19

that was a close one rd 2 tho","2017-07-02 04:12 +0000","125.0","0.0","0.0","0.0","0.0","0.0","0.0","0.0","0.0","0.0","0.0","0","0","0","0","0","0","0","-","-","-","-","-","-","-","-","-","-","-","-","-","-","-","-","-","-"
"881363809826463749","https://twitter.com/nickwan/status/881363809826463749","horn 10
pac 9","2017-07-02 04:08 +0000","130.0","2.0","0.015384615384615385","0.0","0.0","0.0","2.0","0.0","0.0","0.0","0.0","0","0","0","0","0","0","0","-","-","-","-","-","-","-","-","-","-","-","-","-","-","-","-","-","-"
"881362876937777153","https://twitter.com/nickwan/status/881362876937777153","before i went to grad school, someone asked me if i'm ""going to save Freddie Roach?""

has parkinson's. i didn't, but great people are trying","2017-07-02 04:04 +0000","219.0","7.0","0.0319634703196347","0.0","0.0","3.0","2.0","0.0","0.0","2.0","0.0","0","0","0","0","0","0","0","-","-","-","-","-","-","-","-","-","-","-","-","-","-","-","-","-","-"
"881361868383760384","https://twitter.com/nickwan/status/881361868383760384","midnight live ESPN is pretty cool tho","2017-07-02 04:00 +0000","157.0","0.0","0.0","0.0","0.0","0.0","0.0","0.0","0.0","0.0","0.0","0","0","0","0","0","0","0","-","-","-","-","-","-","-","-","-","-","-","-","-","-","-","-","-","-"
"881361587260489728","https://twitter.com/nickwan/status/881361587260489728","@BenSaunders they literally went after our twitter science friends so fuck this shit","2017-07-02 03:59 +0000","577.0","22.0","0.038128249566724434","0.0","1.0","4.0","3.0","0.0","0.0","14.0","0.0","0","0","0","0","0","0","0","-","-","-","-","-","-","-","-","-","-","-","-","-","-","-","-","-","-"
"881361170380337152","https://twitter.com/nickwan/status/881361170380337152","pacquiao","2017-07-02 03:57 +0000","165.0","2.0","0.012121212121212121","0.0","0.0","2.0","0.0","0.0","0.0","0.0","0.0","0","0","0","0","0","0","0","-","-","-","-","-","-","-","-","-","-","-","-","-","-","-","-","-","-"
"881360135167385604","https://twitter.com/nickwan/status/881360135167385604","@alyndanoel Lmao","2017-07-02 03:53 +0000","69.0","0.0","0.0","0.0","0.0","0.0","0.0","0.0","0.0","0.0","0.0","0","0","0","0","0","0","0","-","-","-","-","-","-","-","-","-","-","-","-","-","-","-","-","-","-"
"881306006436884485","https://twitter.com/nickwan/status/881306006436884485","....chicken and waffles though https://t.co/scqB8ZMrxM","2017-07-02 00:18 +0000","452.0","11.0","0.024336283185840708","1.0","1.0","5.0","1.0","0.0","0.0","3.0","0.0","0","0","0","0","0","0","0","-","-","-","-","-","-","-","-","-","-","-","-","-","-","-","-","-","-"
"880996524527947776","https://twitter.com/nickwan/status/880996524527947776","wendy's currently in the lead. leaving in a few mins... 

cheesy gordita crunches or a crap ton of sliders still possible! https://t.co/bRMyEhc6Le","2017-07-01 03:48 +0000","214.0","1.0","0.004672897196261682","0.0","0.0","0.0","0.0","0.0","0.0","1.0","0.0","0","0","0","0","0","0","0","-","-","-","-","-","-","-","-","-","-","-","-","-","-","-","-","-","-"
"880996180028739584","https://twitter.com/nickwan/status/880996180028739584","@HubsPhD @schoppik THIS IS SABOTAGE","2017-07-01 03:47 +0000","146.0","10.0","0.0684931506849315","0.0","1.0","2.0","1.0","0.0","0.0","6.0","0.0","0","0","0","0","0","0","0","-","-","-","-","-","-","-","-","-","-","-","-","-","-","-","-","-","-"
"880986610845790208","https://twitter.com/nickwan/status/880986610845790208","@amy_nusbaum Politickled","2017-07-01 03:09 +0000","57.0","2.0","0.03508771929824561","0.0","1.0","0.0","0.0","0.0","0.0","1.0","0.0","0","0","0","0","0","0","0","-","-","-","-","-","-","-","-","-","-","-","-","-","-","-","-","-","-"
"880985846018703360","https://twitter.com/nickwan/status/880985846018703360","@BoozyBrain  https://t.co/YtoYFKBVrU","2017-07-01 03:06 +0000","173.0","14.0","0.08092485549132948","0.0","0.0","4.0","1.0","0.0","0.0","7.0","0.0","0","0","0","0","0","24","2","-","-","-","-","-","-","-","-","-","-","-","-","-","-","-","-","-","-"
"880985497937604614","https://twitter.com/nickwan/status/880985497937604614","Damn, white Castle really coming in hot https://t.co/bRMyEhc6Le","2017-07-01 03:04 +0000","281.0","12.0","0.042704626334519574","0.0","1.0","1.0","1.0","2.0","0.0","7.0","0.0","0","0","0","0","0","0","0","-","-","-","-","-","-","-","-","-","-","-","-","-","-","-","-","-","-"
"880983040650084352","https://twitter.com/nickwan/status/880983040650084352","@KipnissNathan @SFOpera @ATTPark Oh shit!","2017-07-01 02:54 +0000","26.0","4.0","0.15384615384615385","0.0","1.0","0.0","0.0","0.0","0.0","3.0","0.0","0","0","0","0","0","0","0","-","-","-","-","-","-","-","-","-","-","-","-","-","-","-","-","-","-"
"880982532287860737","https://twitter.com/nickwan/status/880982532287860737","@KipnissNathan Whaaaat!","2017-07-01 02:52 +0000","22.0","9.0","0.4090909090909091","0.0","1.0","0.0","3.0","0.0","0.0","5.0","0.0","0","0","0","0","0","0","0","-","-","-","-","-","-","-","-","-","-","-","-","-","-","-","-","-","-"
"880982493167575040","https://twitter.com/nickwan/status/880982493167575040","@KipnissNathan Yoooooooooo!","2017-07-01 02:52 +0000","17.0","0.0","0.0","0.0","0.0","0.0","0.0","0.0","0.0","0.0","0.0","0","0","0","0","0","0","0","-","-","-","-","-","-","-","-","-","-","-","-","-","-","-","-","-","-"
"880982376825880576","https://twitter.com/nickwan/status/880982376825880576","@HubsPhD Fries into the frosty is a classic tho","2017-07-01 02:52 +0000","90.0","4.0","0.044444444444444446","0.0","1.0","2.0","0.0","0.0","0.0","1.0","0.0","0","0","0","0","0","0","0","-","-","-","-","-","-","-","-","-","-","-","-","-","-","-","-","-","-"
"880982174912180226","https://twitter.com/nickwan/status/880982174912180226","@cMadan Yeah but have you heard all those answerable things about him!","2017-07-01 02:51 +0000","171.0","1.0","0.005847953216374269","0.0","0.0","1.0","0.0","0.0","0.0","0.0","0.0","0","0","0","0","0","0","0","-","-","-","-","-","-","-","-","-","-","-","-","-","-","-","-","-","-"
"880982024697376768","https://twitter.com/nickwan/status/880982024697376768","*probably not a good one","2017-07-01 02:50 +0000","190.0","0.0","0.0","0.0","0.0","0.0","0.0","0.0","0.0","0.0","0.0","0","0","0","0","0","0","0","-","-","-","-","-","-","-","-","-","-","-","-","-","-","-","-","-","-"
"880981912633958400","https://twitter.com/nickwan/status/880981912633958400","Plz RT I'll write you a song*
https://t.co/bRMyEhc6Le","2017-07-01 02:50 +0000","190.0","3.0","0.015789473684210527","0.0","1.0","0.0","0.0","1.0","0.0","1.0","0.0","0","0","0","0","0","0","0","-","-","-","-","-","-","-","-","-","-","-","-","-","-","-","-","-","-"
"880981683729817600","https://twitter.com/nickwan/status/880981683729817600","@HubsPhD I try to stay away from drive thru dairy stuff due to past experiences. But I'd probably get a spicy chicken sandwich at Wendy's","2017-07-01 02:49 +0000","53.0","4.0","0.07547169811320754","0.0","1.0","1.0","1.0","0.0","0.0","1.0","0.0","0","0","0","0","0","0","0","-","-","-","-","-","-","-","-","-","-","-","-","-","-","-","-","-","-"
"880981456906055682","https://twitter.com/nickwan/status/880981456906055682","@chrisalbon Legit easy way to eat 1440 calories and not feel full at all","2017-07-01 02:48 +0000","138.0","1.0","0.007246376811594203","0.0","0.0","1.0","0.0","0.0","0.0","0.0","0.0","0","0","0","0","0","0","0","-","-","-","-","-","-","-","-","-","-","-","-","-","-","-","-","-","-"
"880980574567096320","https://twitter.com/nickwan/status/880980574567096320","RT y'all, I only got like 3 episodes of The Office before I wanna go eat","2017-07-01 02:45 +0000","234.0","1.0","0.004273504273504274","0.0","0.0","0.0","0.0","0.0","0.0","1.0","0.0","0","0","0","0","0","0","0","-","-","-","-","-","-","-","-","-","-","-","-","-","-","-","-","-","-"
"880979384907288576","https://twitter.com/nickwan/status/880979384907288576","#FF @nickwan 
he's tight","2017-07-01 02:40 +0000","573.0","36.0","0.06282722513089005","1.0","2.0","7.0","1.0","0.0","1.0","24.0","0.0","0","0","0","0","0","0","0","-","-","-","-","-","-","-","-","-","-","-","-","-","-","-","-","-","-"
"880979082908971010","https://twitter.com/nickwan/status/880979082908971010","@vonOberst right. as this old tweet shows: https://t.co/NHgQ7KnZ2t","2017-07-01 02:39 +0000","42.0","0.0","0.0","0.0","0.0","0.0","0.0","0.0","0.0","0.0","0.0","0","0","0","0","0","0","0","-","-","-","-","-","-","-","-","-","-","-","-","-","-","-","-","-","-"
"880978302621675521","https://twitter.com/nickwan/status/880978302621675521","@vonOberst poor gigantes :(

also with murmurs that they want to move belt, ultra :(((","2017-07-01 02:36 +0000","44.0","1.0","0.022727272727272728","0.0","1.0","0.0","0.0","0.0","0.0","0.0","0.0","0","0","0","0","0","0","0","-","-","-","-","-","-","-","-","-","-","-","-","-","-","-","-","-","-"
"880976975669719040","https://twitter.com/nickwan/status/880976975669719040","The Warriors won a championship this year","2017-07-01 02:30 +0000","263.0","3.0","0.011406844106463879","0.0","1.0","2.0","0.0","0.0","0.0","0.0","0.0","0","0","0","0","0","0","0","-","-","-","-","-","-","-","-","-","-","-","-","-","-","-","-","-","-"
"880974607574069248","https://twitter.com/nickwan/status/880974607574069248","@neuromusic @CelegansZoo Lol bro","2017-07-01 02:21 +0000","91.0","3.0","0.03296703296703297","0.0","0.0","0.0","0.0","0.0","0.0","3.0","0.0","0","0","0","0","0","0","0","-","-","-","-","-","-","-","-","-","-","-","-","-","-","-","-","-","-"
"880971340303478786","https://twitter.com/nickwan/status/880971340303478786","@CogsMac It's the ultimate sweet and savory, right??","2017-07-01 02:08 +0000","39.0","4.0","0.10256410256410256","0.0","1.0","1.0","1.0","0.0","0.0","1.0","0.0","0","0","0","0","0","0","0","-","-","-","-","-","-","-","-","-","-","-","-","-","-","-","-","-","-"
"880884525794025477","https://twitter.com/nickwan/status/880884525794025477","@lucylai_ good work!","2017-06-30 20:23 +0000","35.0","1.0","0.02857142857142857","0.0","0.0","0.0","1.0","0.0","0.0","0.0","0.0","0","0","0","0","0","0","0","-","-","-","-","-","-","-","-","-","-","-","-","-","-","-","-","-","-"
"880791852143833088","https://twitter.com/nickwan/status/880791852143833088","@LDrogosPhD @cMadan @synapticlee @AadilBharwani @andpru Closest Tim Hortons is an hour from me ðŸ˜­","2017-06-30 14:15 +0000","276.0","5.0","0.018115942028985508","0.0","3.0","0.0","0.0","0.0","0.0","2.0","0.0","0","0","0","0","0","0","0","-","-","-","-","-","-","-","-","-","-","-","-","-","-","-","-","-","-"
"880769041048227840","https://twitter.com/nickwan/status/880769041048227840","@cMadan @synapticlee @AadilBharwani @andpru @LDrogosPhD This is why Julie Lee is more bad ass than all of us. Food adventures","2017-06-30 12:44 +0000","257.0","2.0","0.007782101167315175","0.0","1.0","0.0","0.0","0.0","0.0","1.0","0.0","0","0","0","0","0","0","0","-","-","-","-","-","-","-","-","-","-","-","-","-","-","-","-","-","-"
"880667088028827650","https://twitter.com/nickwan/status/880667088028827650","@AadilBharwani @synapticlee @andpru @LDrogosPhD @cMadan ðŸ˜‚ðŸ˜‚ðŸ˜‚ðŸ˜‚ðŸ˜‚ðŸ˜±ðŸ˜±ðŸ˜±ðŸ˜±ðŸ˜±","2017-06-30 05:59 +0000","228.0","4.0","0.017543859649122806","0.0","1.0","3.0","0.0","0.0","0.0","0.0","0.0","0","0","0","0","0","0","0","-","-","-","-","-","-","-","-","-","-","-","-","-","-","-","-","-","-"
"880666822554660866","https://twitter.com/nickwan/status/880666822554660866","@synapticlee @AadilBharwani @andpru  @LDrogosPhD @cMadan","2017-06-30 05:58 +0000","430.0","5.0","0.011627906976744186","0.0","2.0","0.0","0.0","0.0","0.0","3.0","0.0","0","0","0","0","0","0","0","-","-","-","-","-","-","-","-","-","-","-","-","-","-","-","-","-","-"
"880666367661416448","https://twitter.com/nickwan/status/880666367661416448","Oooookay Canada, what the hell.  https://t.co/Hf0agosch3","2017-06-30 05:56 +0000","1148.0","58.0","0.050522648083623695","0.0","4.0","10.0","0.0","31.0","0.0","13.0","0.0","0","0","0","0","0","0","0","-","-","-","-","-","-","-","-","-","-","-","-","-","-","-","-","-","-"
"880625709751947266","https://twitter.com/nickwan/status/880625709751947266","@ohambiguity @neurofim lol nah then. but i'm also trying to go to maine for lobster tour at some point","2017-06-30 03:15 +0000","124.0","5.0","0.04032258064516129","0.0","1.0","2.0","1.0","0.0","0.0","1.0","0.0","0","0","0","0","0","0","0","-","-","-","-","-","-","-","-","-","-","-","-","-","-","-","-","-","-"
"880624256731811845","https://twitter.com/nickwan/status/880624256731811845","@Nebula63 I do like row. That's my second favorite compound lift!","2017-06-30 03:09 +0000","45.0","0.0","0.0","0.0","0.0","0.0","0.0","0.0","0.0","0.0","0.0","0","0","0","0","0","0","0","-","-","-","-","-","-","-","-","-","-","-","-","-","-","-","-","-","-"
"880623898005516289","https://twitter.com/nickwan/status/880623898005516289","@josueortc Lol oh pwnd","2017-06-30 03:07 +0000","41.0","1.0","0.024390243902439025","0.0","0.0","1.0","0.0","0.0","0.0","0.0","0.0","0","0","0","0","0","0","0","-","-","-","-","-","-","-","-","-","-","-","-","-","-","-","-","-","-"
"880623526243438592","https://twitter.com/nickwan/status/880623526243438592","@Nebula63 Hmm. Possible. Let me see what's up first on the current flaky plans","2017-06-30 03:06 +0000","36.0","3.0","0.08333333333333333","0.0","1.0","0.0","0.0","0.0","0.0","2.0","0.0","0","0","0","0","0","0","0","-","-","-","-","-","-","-","-","-","-","-","-","-","-","-","-","-","-"
"880623281753268228","https://twitter.com/nickwan/status/880623281753268228","@josueortc *tho","2017-06-30 03:05 +0000","43.0","0.0","0.0","0.0","0.0","0.0","0.0","0.0","0.0","0.0","0.0","0","0","0","0","0","0","0","-","-","-","-","-","-","-","-","-","-","-","-","-","-","-","-","-","-"
"880623258617466880","https://twitter.com/nickwan/status/880623258617466880","@josueortc Too hottt. Would go to nola thi","2017-06-30 03:05 +0000","51.0","3.0","0.058823529411764705","0.0","2.0","0.0","0.0","0.0","0.0","1.0","0.0","0","0","0","0","0","0","0","-","-","-","-","-","-","-","-","-","-","-","-","-","-","-","-","-","-"
"880623190309031936","https://twitter.com/nickwan/status/880623190309031936","@ohambiguity @neurofim 7th-11th ish","2017-06-30 03:05 +0000","101.0","4.0","0.039603960396039604","0.0","1.0","1.0","0.0","0.0","0.0","2.0","0.0","0","0","0","0","0","0","0","-","-","-","-","-","-","-","-","-","-","-","-","-","-","-","-","-","-"
"880622156522172417","https://twitter.com/nickwan/status/880622156522172417","@neurofim @ohambiguity Mmmm I could actually! But are you free that weekend ish!","2017-06-30 03:00 +0000","117.0","5.0","0.042735042735042736","0.0","1.0","0.0","0.0","0.0","0.0","4.0","0.0","0","0","0","0","0","0","0","-","-","-","-","-","-","-","-","-","-","-","-","-","-","-","-","-","-"
"880596094887104514","https://twitter.com/nickwan/status/880596094887104514","@theangryelk omg plz fax me shawarma","2017-06-30 01:17 +0000","20.0","1.0","0.05","0.0","0.0","1.0","0.0","0.0","0.0","0.0","0.0","0","0","0","0","0","0","0","-","-","-","-","-","-","-","-","-","-","-","-","-","-","-","-","-","-"
"880583391707635717","https://twitter.com/nickwan/status/880583391707635717","Welcome to the show I suppose","2017-06-30 00:26 +0000","256.0","7.0","0.02734375","0.0","0.0","1.0","4.0","0.0","0.0","2.0","0.0","0","0","0","0","0","0","0","-","-","-","-","-","-","-","-","-","-","-","-","-","-","-","-","-","-"
"880572244455555072","https://twitter.com/nickwan/status/880572244455555072","@BingjWan Nah too hot I think I'll go to like San Diego","2017-06-29 23:42 +0000","77.0","5.0","0.06493506493506493","0.0","1.0","1.0","0.0","0.0","0.0","3.0","0.0","0","0","0","0","0","0","0","-","-","-","-","-","-","-","-","-","-","-","-","-","-","-","-","-","-"
"880534309098016768","https://twitter.com/nickwan/status/880534309098016768","@Dr24hours @Geeka maybe I'll write a book called Disney Dollar Ball","2017-06-29 21:11 +0000","66.0","2.0","0.030303030303030304","0.0","1.0","0.0","0.0","0.0","0.0","1.0","0.0","0","0","0","0","0","0","0","-","-","-","-","-","-","-","-","-","-","-","-","-","-","-","-","-","-"
"880532142526275586","https://twitter.com/nickwan/status/880532142526275586","@Dr24hours @Geeka does this make me barely a data scientist","2017-06-29 21:03 +0000","58.0","2.0","0.034482758620689655","0.0","1.0","0.0","0.0","0.0","0.0","1.0","0.0","0","0","0","0","0","0","0","-","-","-","-","-","-","-","-","-","-","-","-","-","-","-","-","-","-"
"880520327037693953","https://twitter.com/nickwan/status/880520327037693953","@Geeka @Dr24hours one said ""who does that?"" another said ""uh sure""","2017-06-29 20:16 +0000","75.0","7.0","0.09333333333333334","0.0","1.0","0.0","0.0","0.0","0.0","6.0","0.0","0","0","0","0","0","0","0","-","-","-","-","-","-","-","-","-","-","-","-","-","-","-","-","-","-"
"880519797158498305","https://twitter.com/nickwan/status/880519797158498305","@Geeka @Dr24hours update: most wanted to know what qualifies as ""spontaneous"". i said i didn't know but assumed it was a high five for no reason.","2017-06-29 20:14 +0000","78.0","5.0","0.0641025641025641","0.0","2.0","0.0","0.0","0.0","0.0","3.0","0.0","0","0","0","0","0","0","0","-","-","-","-","-","-","-","-","-","-","-","-","-","-","-","-","-","-"
"880499056224727041","https://twitter.com/nickwan/status/880499056224727041","@Geeka @Dr24hours i'll ask them in a bit","2017-06-29 18:51 +0000","57.0","2.0","0.03508771929824561","0.0","1.0","0.0","0.0","0.0","0.0","1.0","0.0","0","0","0","0","0","0","0","-","-","-","-","-","-","-","-","-","-","-","-","-","-","-","-","-","-"
"880490226417889280","https://twitter.com/nickwan/status/880490226417889280","@Dr24hours Would you like me to ask my dudes","2017-06-29 18:16 +0000","101.0","3.0","0.0297029702970297","0.0","1.0","0.0","1.0","0.0","0.0","1.0","0.0","0","0","0","0","0","0","0","-","-","-","-","-","-","-","-","-","-","-","-","-","-","-","-","-","-"
"880475688595226624","https://twitter.com/nickwan/status/880475688595226624","@StevenDKent ish was right. friday to maybe monday or tuesday in a couple weeks.","2017-06-29 17:18 +0000","46.0","1.0","0.021739130434782608","0.0","1.0","0.0","0.0","0.0","0.0","0.0","0.0","0","0","0","0","0","0","0","-","-","-","-","-","-","-","-","-","-","-","-","-","-","-","-","-","-"
"880472434654269441","https://twitter.com/nickwan/status/880472434654269441","@vahlamorgulis We don't have shake shack in Cincinnati and there's a burgerfi across the street from me so probz nah. Unless the beach is better than miami","2017-06-29 17:06 +0000","76.0","3.0","0.039473684210526314","0.0","1.0","0.0","0.0","0.0","0.0","2.0","0.0","0","0","0","0","0","0","0","-","-","-","-","-","-","-","-","-","-","-","-","-","-","-","-","-","-"
"880467086895710211","https://twitter.com/nickwan/status/880467086895710211","@MatthewSoleiman Ooo. Okay.","2017-06-29 16:44 +0000","174.0","2.0","0.011494252873563218","0.0","1.0","1.0","0.0","0.0","0.0","0.0","0.0","0","0","0","0","0","0","0","-","-","-","-","-","-","-","-","-","-","-","-","-","-","-","-","-","-"
"880466486690762753","https://twitter.com/nickwan/status/880466486690762753","@Julie_B92 There is! But I'd rather spend a little more on a flight somewhere if I have friends there","2017-06-29 16:42 +0000","117.0","3.0","0.02564102564102564","0.0","1.0","1.0","0.0","0.0","0.0","1.0","0.0","0","0","0","0","0","0","0","-","-","-","-","-","-","-","-","-","-","-","-","-","-","-","-","-","-"
"880464703985680384","https://twitter.com/nickwan/status/880464703985680384","@susanallora hmm miami beach. four blocks from the beach. 

not a bad idea","2017-06-29 16:35 +0000","93.0","6.0","0.06451612903225806","0.0","2.0","2.0","0.0","0.0","0.0","2.0","0.0","0","0","0","0","0","0","0","-","-","-","-","-","-","-","-","-","-","-","-","-","-","-","-","-","-"
"880464580513857536","https://twitter.com/nickwan/status/880464580513857536","@Julie_B92 lol i literally have all the time to travel for all star break so i'm okay with it","2017-06-29 16:34 +0000","96.0","3.0","0.03125","0.0","1.0","1.0","0.0","0.0","0.0","1.0","0.0","0","0","0","0","0","0","0","-","-","-","-","-","-","-","-","-","-","-","-","-","-","-","-","-","-"
"880464185347452928","https://twitter.com/nickwan/status/880464185347452928","@Julie_B92 nah, $2k for a round trip flight rn. sorry julie","2017-06-29 16:33 +0000","78.0","2.0","0.02564102564102564","0.0","1.0","0.0","0.0","0.0","0.0","1.0","0.0","0","0","0","0","0","0","0","-","-","-","-","-","-","-","-","-","-","-","-","-","-","-","-","-","-"
"880463775169744896","https://twitter.com/nickwan/status/880463775169744896","@susanallora ...literally gonna look for shake shacks closest to a beach rn. because that is more direction than what i currently have","2017-06-29 16:31 +0000","75.0","4.0","0.05333333333333334","0.0","1.0","2.0","0.0","0.0","0.0","1.0","0.0","0","0","0","0","0","0","0","-","-","-","-","-","-","-","-","-","-","-","-","-","-","-","-","-","-"
"880463414639960066","https://twitter.com/nickwan/status/880463414639960066","@Julie_B92 let me check prices","2017-06-29 16:30 +0000","89.0","3.0","0.033707865168539325","0.0","1.0","1.0","0.0","0.0","0.0","1.0","0.0","0","0","0","0","0","0","0","-","-","-","-","-","-","-","-","-","-","-","-","-","-","-","-","-","-"
"880463383589507079","https://twitter.com/nickwan/status/880463383589507079","@HubsPhD if i have a place to stay, ~$600 for the round trip ticket","2017-06-29 16:30 +0000","98.0","4.0","0.04081632653061224","0.0","1.0","0.0","1.0","0.0","0.0","2.0","0.0","0","0","0","0","0","0","0","-","-","-","-","-","-","-","-","-","-","-","-","-","-","-","-","-","-"
"880463269760299008","https://twitter.com/nickwan/status/880463269760299008","@CogNerd i mean like anywhere so long as the flight isn't too expensive","2017-06-29 16:29 +0000","97.0","8.0","0.08247422680412371","0.0","1.0","0.0","0.0","0.0","0.0","7.0","0.0","0","0","0","0","0","0","0","-","-","-","-","-","-","-","-","-","-","-","-","-","-","-","-","-","-"
"880462414109716480","https://twitter.com/nickwan/status/880462414109716480","where should i go visit for a weekend ish?","2017-06-29 16:26 +0000","969.0","36.0","0.03715170278637771","0.0","10.0","1.0","3.0","0.0","0.0","22.0","0.0","0","0","0","0","0","0","0","-","-","-","-","-","-","-","-","-","-","-","-","-","-","-","-","-","-"
"880414999516258306","https://twitter.com/nickwan/status/880414999516258306","@OldTakesExposed @synapticlee","2017-06-29 13:17 +0000","286.0","4.0","0.013986013986013986","0.0","1.0","0.0","0.0","0.0","0.0","3.0","0.0","0","0","0","0","0","0","0","-","-","-","-","-","-","-","-","-","-","-","-","-","-","-","-","-","-"
"880262883963281408","https://twitter.com/nickwan/status/880262883963281408","@Felipe_F_Ramos @SportsCenter lol","2017-06-29 03:13 +0000","22.0","0.0","0.0","0.0","0.0","0.0","0.0","0.0","0.0","0.0","0.0","0","0","0","0","0","0","0","-","-","-","-","-","-","-","-","-","-","-","-","-","-","-","-","-","-"
"880258648882249730","https://twitter.com/nickwan/status/880258648882249730","@Felipe_F_Ramos @SportsCenter they are still cutting the highlights, give it a second lol","2017-06-29 02:56 +0000","26.0","4.0","0.15384615384615385","0.0","1.0","0.0","1.0","0.0","0.0","2.0","0.0","0","0","0","0","0","0","0","-","-","-","-","-","-","-","-","-","-","-","-","-","-","-","-","-","-"
"880258271189360641","https://twitter.com/nickwan/status/880258271189360641","@caitvw WEDNESDAY PM NOOOOO","2017-06-29 02:55 +0000","426.0","7.0","0.01643192488262911","0.0","1.0","1.0","1.0","0.0","0.0","4.0","0.0","0","0","0","0","0","0","0","-","-","-","-","-","-","-","-","-","-","-","-","-","-","-","-","-","-"
"880258167485157377","https://twitter.com/nickwan/status/880258167485157377","@Felipe_F_Ramos @SportsCenter that was definitely FC cincinnati into cincinnati baseball lol","2017-06-29 02:54 +0000","70.0","5.0","0.07142857142857142","0.0","1.0","0.0","0.0","0.0","0.0","4.0","0.0","0","0","0","0","0","0","0","-","-","-","-","-","-","-","-","-","-","-","-","-","-","-","-","-","-"
"880257526905937920","https://twitter.com/nickwan/status/880257526905937920","ESPN is leading off with all Cincinnati right now, it's great","2017-06-29 02:52 +0000","269.0","2.0","0.007434944237918215","0.0","0.0","0.0","0.0","0.0","0.0","2.0","0.0","0","0","0","0","0","0","0","-","-","-","-","-","-","-","-","-","-","-","-","-","-","-","-","-","-"
"880256602682654720","https://twitter.com/nickwan/status/880256602682654720","FCC: XOOO
CHI: XXOX 

man. tacos and they aren't even sad tacos tonight!","2017-06-29 02:48 +0000","276.0","0.0","0.0","0.0","0.0","0.0","0.0","0.0","0.0","0.0","0.0","0","0","0","0","0","0","0","-","-","-","-","-","-","-","-","-","-","-","-","-","-","-","-","-","-"
"880256453545787392","https://twitter.com/nickwan/status/880256453545787392","THIS IS DRAMA","2017-06-29 02:47 +0000","250.0","0.0","0.0","0.0","0.0","0.0","0.0","0.0","0.0","0.0","0.0","0","0","0","0","0","0","0","-","-","-","-","-","-","-","-","-","-","-","-","-","-","-","-","-","-"
"880256433023049728","https://twitter.com/nickwan/status/880256433023049728","FCC: XOOO
CHI: XXO","2017-06-29 02:47 +0000","290.0","3.0","0.010344827586206896","0.0","1.0","0.0","0.0","0.0","0.0","2.0","0.0","0","0","0","0","0","0","0","-","-","-","-","-","-","-","-","-","-","-","-","-","-","-","-","-","-"
"880256305386094592","https://twitter.com/nickwan/status/880256305386094592","tacos aren't even prepped yet wtf","2017-06-29 02:47 +0000","251.0","2.0","0.00796812749003984","0.0","0.0","0.0","0.0","0.0","0.0","2.0","0.0","0","0","0","0","0","0","0","-","-","-","-","-","-","-","-","-","-","-","-","-","-","-","-","-","-"
"880256241968271361","https://twitter.com/nickwan/status/880256241968271361","FCC: XOO
CHI: XXO","2017-06-29 02:46 +0000","255.0","5.0","0.0196078431372549","0.0","1.0","0.0","0.0","0.0","0.0","4.0","0.0","0","0","0","0","0","0","0","-","-","-","-","-","-","-","-","-","-","-","-","-","-","-","-","-","-"
"880256173022343169","https://twitter.com/nickwan/status/880256173022343169","tacos await","2017-06-29 02:46 +0000","265.0","1.0","0.0037735849056603774","0.0","0.0","1.0","0.0","0.0","0.0","0.0","0.0","0","0","0","0","0","0","0","-","-","-","-","-","-","-","-","-","-","-","-","-","-","-","-","-","-"
"880256088674906112","https://twitter.com/nickwan/status/880256088674906112","FCC: XOO
CHI: XX","2017-06-29 02:46 +0000","271.0","1.0","0.0036900369003690036","0.0","1.0","0.0","0.0","0.0","0.0","0.0","0.0","0","0","0","0","0","0","0","-","-","-","-","-","-","-","-","-","-","-","-","-","-","-","-","-","-"
"880256028901814272","https://twitter.com/nickwan/status/880256028901814272","@KipnissNathan @Stanford oh","2017-06-29 02:46 +0000","29.0","0.0","0.0","0.0","0.0","0.0","0.0","0.0","0.0","0.0","0.0","0","0","0","0","0","0","0","-","-","-","-","-","-","-","-","-","-","-","-","-","-","-","-","-","-"
"880256015232638976","https://twitter.com/nickwan/status/880256015232638976","@KipnissNathan nachos &gt; burritos is a perfectly fine take","2017-06-29 02:46 +0000","23.0","0.0","0.0","0.0","0.0","0.0","0.0","0.0","0.0","0.0","0.0","0","0","0","0","0","0","0","-","-","-","-","-","-","-","-","-","-","-","-","-","-","-","-","-","-"
"880255957665816576","https://twitter.com/nickwan/status/880255957665816576","FCC: XO
CHI: XX","2017-06-29 02:45 +0000","246.0","0.0","0.0","0.0","0.0","0.0","0.0","0.0","0.0","0.0","0.0","0","0","0","0","0","0","0","-","-","-","-","-","-","-","-","-","-","-","-","-","-","-","-","-","-"
"880255805882343424","https://twitter.com/nickwan/status/880255805882343424","FCC: XO
CHI: X","2017-06-29 02:45 +0000","257.0","2.0","0.007782101167315175","0.0","1.0","0.0","0.0","0.0","0.0","1.0","0.0","0","0","0","0","0","0","0","-","-","-","-","-","-","-","-","-","-","-","-","-","-","-","-","-","-"
"880255717546053633","https://twitter.com/nickwan/status/880255717546053633","weather wise, it's a clear cincinnati night. not too humid. not a lot of bugs in the air. it's a good night here","2017-06-29 02:44 +0000","336.0","6.0","0.017857142857142856","0.0","1.0","2.0","0.0","0.0","0.0","3.0","0.0","0","0","0","0","0","0","0","-","-","-","-","-","-","-","-","-","-","-","-","-","-","-","-","-","-"
"880255485085179904","https://twitter.com/nickwan/status/880255485085179904","sailed.","2017-06-29 02:43 +0000","209.0","1.0","0.004784688995215311","0.0","0.0","0.0","0.0","0.0","0.0","1.0","0.0","0","0","0","0","0","0","0","-","-","-","-","-","-","-","-","-","-","-","-","-","-","-","-","-","-"
"880255066485272576","https://twitter.com/nickwan/status/880255066485272576","do it for the spaghetti chili and mini hot dogs, FC Cincinnati","2017-06-29 02:42 +0000","333.0","3.0","0.009009009009009009","0.0","0.0","0.0","0.0","0.0","0.0","3.0","0.0","0","0","0","0","0","0","0","-","-","-","-","-","-","-","-","-","-","-","-","-","-","-","-","-","-"
"880254476082450436","https://twitter.com/nickwan/status/880254476082450436","This is delaying my tacos btw","2017-06-29 02:39 +0000","284.0","2.0","0.007042253521126761","0.0","1.0","1.0","0.0","0.0","0.0","0.0","0.0","0","0","0","0","0","0","0","-","-","-","-","-","-","-","-","-","-","-","-","-","-","-","-","-","-"
"880254413230788609","https://twitter.com/nickwan/status/880254413230788609","Penalty kicks for FC Cincinnati rn","2017-06-29 02:39 +0000","371.0","2.0","0.005390835579514825","0.0","1.0","0.0","1.0","0.0","0.0","0.0","0.0","0","0","0","0","0","0","0","-","-","-","-","-","-","-","-","-","-","-","-","-","-","-","-","-","-"
"880145883865767938","https://twitter.com/nickwan/status/880145883865767938","@davidjcox_ nice paper on the matching law on pitches. keep up the good work!","2017-06-28 19:28 +0000","10.0","0.0","0.0","0.0","0.0","0.0","0.0","0.0","0.0","0.0","0.0","0","0","0","0","0","0","0","-","-","-","-","-","-","-","-","-","-","-","-","-","-","-","-","-","-"
"880140262386880513","https://twitter.com/nickwan/status/880140262386880513","@JohnCTownsend thank you","2017-06-28 19:06 +0000","19.0","0.0","0.0","0.0","0.0","0.0","0.0","0.0","0.0","0.0","0.0","0","0","0","0","0","0","0","-","-","-","-","-","-","-","-","-","-","-","-","-","-","-","-","-","-"
"880059127778734084","https://twitter.com/nickwan/status/880059127778734084","@BrightLikeA442 What is it","2017-06-28 13:43 +0000","59.0","7.0","0.11864406779661017","0.0","1.0","0.0","0.0","0.0","0.0","6.0","0.0","0","0","0","0","0","0","0","-","-","-","-","-","-","-","-","-","-","-","-","-","-","-","-","-","-"
"879901713234374658","https://twitter.com/nickwan/status/879901713234374658","Those Gators man","2017-06-28 03:18 +0000","257.0","0.0","0.0","0.0","0.0","0.0","0.0","0.0","0.0","0.0","0.0","0","0","0","0","0","0","0","-","-","-","-","-","-","-","-","-","-","-","-","-","-","-","-","-","-"
"879561759211884545","https://twitter.com/nickwan/status/879561759211884545","@amy_nusbaum @LovicLab You don't want no open mic drugs","2017-06-27 04:47 +0000","141.0","4.0","0.028368794326241134","0.0","1.0","2.0","0.0","0.0","0.0","1.0","0.0","0","0","0","0","0","0","0","-","-","-","-","-","-","-","-","-","-","-","-","-","-","-","-","-","-"
"879550135033880577","https://twitter.com/nickwan/status/879550135033880577","true https://t.co/jpy9OANvhz","2017-06-27 04:01 +0000","367.0","4.0","0.010899182561307902","0.0","0.0","4.0","0.0","0.0","0.0","0.0","0.0","0","0","0","0","0","0","0","-","-","-","-","-","-","-","-","-","-","-","-","-","-","-","-","-","-"
"879542337768226816","https://twitter.com/nickwan/status/879542337768226816","@forensictoxguy seizing his BIG BALLER MOMENT","2017-06-27 03:30 +0000","35.0","1.0","0.02857142857142857","0.0","0.0","1.0","0.0","0.0","0.0","0.0","0.0","0","0","0","0","0","0","0","-","-","-","-","-","-","-","-","-","-","-","-","-","-","-","-","-","-"
"879539898365116417","https://twitter.com/nickwan/status/879539898365116417","Ooooooooooo got emm https://t.co/xiIfAZnHvA","2017-06-27 03:20 +0000","333.0","0.0","0.0","0.0","0.0","0.0","0.0","0.0","0.0","0.0","0.0","0","0","0","0","0","0","0","-","-","-","-","-","-","-","-","-","-","-","-","-","-","-","-","-","-"
"879530839536750593","https://twitter.com/nickwan/status/879530839536750593","Saved for future use https://t.co/dPngqzIpac","2017-06-27 02:44 +0000","359.0","3.0","0.008356545961002786","0.0","1.0","0.0","0.0","0.0","0.0","2.0","0.0","0","0","0","0","0","0","0","-","-","-","-","-","-","-","-","-","-","-","-","-","-","-","-","-","-"
"879523795538673664","https://twitter.com/nickwan/status/879523795538673664","I get it. But yeah. Idk y'all.","2017-06-27 02:16 +0000","263.0","1.0","0.0038022813688212928","0.0","0.0","0.0","1.0","0.0","0.0","0.0","0.0","0","0","0","0","0","0","0","-","-","-","-","-","-","-","-","-","-","-","-","-","-","-","-","-","-"
"879522554632908800","https://twitter.com/nickwan/status/879522554632908800","Bill Russell would","2017-06-27 02:11 +0000","230.0","0.0","0.0","0.0","0.0","0.0","0.0","0.0","0.0","0.0","0.0","0","0","0","0","0","0","0","-","-","-","-","-","-","-","-","-","-","-","-","-","-","-","-","-","-"
"879515916358344708","https://twitter.com/nickwan/status/879515916358344708","OOOOOWIWISJDBSJSJDJ YOU MAKIN ME SHOOOOK","2017-06-27 01:45 +0000","257.0","0.0","0.0","0.0","0.0","0.0","0.0","0.0","0.0","0.0","0.0","0","0","0","0","0","0","0","-","-","-","-","-","-","-","-","-","-","-","-","-","-","-","-","-","-"
"879513747898998784","https://twitter.com/nickwan/status/879513747898998784","No hashtag can properly capture this https://t.co/VoOQjXqg9W","2017-06-27 01:36 +0000","337.0","3.0","0.008902077151335312","0.0","1.0","1.0","0.0","0.0","0.0","1.0","0.0","0","0","0","0","0","0","0","-","-","-","-","-","-","-","-","-","-","-","-","-","-","-","-","-","-"
"879509641771745280","https://twitter.com/nickwan/status/879509641771745280","shout out to everyone who skipped drake for RAW -- you literally are having the best night","2017-06-27 01:20 +0000","287.0","1.0","0.003484320557491289","0.0","0.0","1.0","0.0","0.0","0.0","0.0","0.0","0","0","0","0","0","0","0","-","-","-","-","-","-","-","-","-","-","-","-","-","-","-","-","-","-"
"879509154418892800","https://twitter.com/nickwan/status/879509154418892800","okay i'm buying BBB after that","2017-06-27 01:18 +0000","232.0","0.0","0.0","0.0","0.0","0.0","0.0","0.0","0.0","0.0","0.0","0","0","0","0","0","0","0","-","-","-","-","-","-","-","-","-","-","-","-","-","-","-","-","-","-"
"879508928413016068","https://twitter.com/nickwan/status/879508928413016068","@MikeDSykes LAVAR INTENSIFIES GIF","2017-06-27 01:17 +0000","37.0","2.0","0.05405405405405406","0.0","1.0","0.0","1.0","0.0","0.0","0.0","0.0","0","0","0","0","0","0","0","-","-","-","-","-","-","-","-","-","-","-","-","-","-","-","-","-","-"
"879508648657113089","https://twitter.com/nickwan/status/879508648657113089","@MikeDSykes lmfao ho lee fook man","2017-06-27 01:16 +0000","40.0","1.0","0.025","0.0","1.0","0.0","0.0","0.0","0.0","0.0","0.0","0","0","0","0","0","0","0","-","-","-","-","-","-","-","-","-","-","-","-","-","-","-","-","-","-"
"879507855023407104","https://twitter.com/nickwan/status/879507855023407104","@MikeDSykes @alyndanoel he was really taking some bounces off the ropes thooo lmao","2017-06-27 01:13 +0000","64.0","3.0","0.046875","0.0","1.0","1.0","0.0","0.0","0.0","1.0","0.0","0","0","0","0","0","0","0","-","-","-","-","-","-","-","-","-","-","-","-","-","-","-","-","-","-"
"879507317817044992","https://twitter.com/nickwan/status/879507317817044992","@alyndanoel @MikeDSykes getting demoted to the 5 tbh","2017-06-27 01:10 +0000","77.0","0.0","0.0","0.0","0.0","0.0","0.0","0.0","0.0","0.0","0.0","0","0","0","0","0","0","0","-","-","-","-","-","-","-","-","-","-","-","-","-","-","-","-","-","-"
"879506974085459969","https://twitter.com/nickwan/status/879506974085459969","man i'm split between drake jokes and BIG3 rn","2017-06-27 01:09 +0000","246.0","0.0","0.0","0.0","0.0","0.0","0.0","0.0","0.0","0.0","0.0","0","0","0","0","0","0","0","-","-","-","-","-","-","-","-","-","-","-","-","-","-","-","-","-","-"
"879330941461831680","https://twitter.com/nickwan/status/879330941461831680","@chrisalbon I think you're more of a data rapscallion","2017-06-26 13:30 +0000","148.0","1.0","0.006756756756756757","0.0","0.0","1.0","0.0","0.0","0.0","0.0","0.0","0","0","0","0","0","0","0","-","-","-","-","-","-","-","-","-","-","-","-","-","-","-","-","-","-"
"879326692145233920","https://twitter.com/nickwan/status/879326692145233920","@Bashir9ist WRAP IT UP THEN","2017-06-26 13:13 +0000","51.0","1.0","0.0196078431372549","0.0","0.0","0.0","0.0","0.0","0.0","1.0","0.0","0","0","0","0","0","0","0","-","-","-","-","-","-","-","-","-","-","-","-","-","-","-","-","-","-"
"879183501471383553","https://twitter.com/nickwan/status/879183501471383553","Wow. Jobbed.","2017-06-26 03:44 +0000","270.0","4.0","0.014814814814814815","0.0","0.0","1.0","1.0","0.0","0.0","2.0","0.0","0","0","0","0","0","0","0","-","-","-","-","-","-","-","-","-","-","-","-","-","-","-","-","-","-"
"879172057027809282","https://twitter.com/nickwan/status/879172057027809282","that fight reminded me of the old school gracie fights, when the other fighter just gets overwhelmed by the technical details","2017-06-26 02:58 +0000","276.0","1.0","0.0036231884057971015","0.0","0.0","0.0","1.0","0.0","0.0","0.0","0.0","0","0","0","0","0","0","0","-","-","-","-","-","-","-","-","-","-","-","-","-","-","-","-","-","-"
"879171356054745088","https://twitter.com/nickwan/status/879171356054745088","literally checkmated in that rear choke. got out and is still trying to defend from the canvas. wowza.","2017-06-26 02:56 +0000","253.0","0.0","0.0","0.0","0.0","0.0","0.0","0.0","0.0","0.0","0.0","0","0","0","0","0","0","0","-","-","-","-","-","-","-","-","-","-","-","-","-","-","-","-","-","-"
"879171155076296704","https://twitter.com/nickwan/status/879171155076296704","kish will lose this fight, but that was incredible","2017-06-26 02:55 +0000","264.0","1.0","0.003787878787878788","0.0","1.0","0.0","0.0","0.0","0.0","0.0","0.0","0","0","0","0","0","0","0","-","-","-","-","-","-","-","-","-","-","-","-","-","-","-","-","-","-"
"879171106552373249","https://twitter.com/nickwan/status/879171106552373249","holy shit","2017-06-26 02:55 +0000","281.0","2.0","0.0071174377224199285","0.0","1.0","0.0","0.0","0.0","0.0","1.0","0.0","0","0","0","0","0","0","0","-","-","-","-","-","-","-","-","-","-","-","-","-","-","-","-","-","-"
"879170912985251840","https://twitter.com/nickwan/status/879170912985251840","@MeganRisdal oh what! that's awesome!","2017-06-26 02:54 +0000","79.0","4.0","0.05063291139240506","0.0","0.0","2.0","1.0","0.0","0.0","1.0","0.0","0","0","0","0","0","0","0","-","-","-","-","-","-","-","-","-","-","-","-","-","-","-","-","-","-"
"879170866373939200","https://twitter.com/nickwan/status/879170866373939200","@MeganRisdal yeah, that's pretty strange...","2017-06-26 02:54 +0000","29.0","0.0","0.0","0.0","0.0","0.0","0.0","0.0","0.0","0.0","0.0","0","0","0","0","0","0","0","-","-","-","-","-","-","-","-","-","-","-","-","-","-","-","-","-","-"
"879170741404565507","https://twitter.com/nickwan/status/879170741404565507","herrig has worked the canvas all fight. kish will need to hit for the fences here.","2017-06-26 02:53 +0000","283.0","0.0","0.0","0.0","0.0","0.0","0.0","0.0","0.0","0.0","0.0","0","0","0","0","0","0","0","-","-","-","-","-","-","-","-","-","-","-","-","-","-","-","-","-","-"
"879168451620872192","https://twitter.com/nickwan/status/879168451620872192","whew. kish is so tired already.","2017-06-26 02:44 +0000","261.0","0.0","0.0","0.0","0.0","0.0","0.0","0.0","0.0","0.0","0.0","0","0","0","0","0","0","0","-","-","-","-","-","-","-","-","-","-","-","-","-","-","-","-","-","-"
"879165742180184065","https://twitter.com/nickwan/status/879165742180184065","@BatesPhysio for realllll","2017-06-26 02:33 +0000","74.0","0.0","0.0","0.0","0.0","0.0","0.0","0.0","0.0","0.0","0.0","0","0","0","0","0","0","0","-","-","-","-","-","-","-","-","-","-","-","-","-","-","-","-","-","-"
"879163264923574272","https://twitter.com/nickwan/status/879163264923574272","holy shit reyes","2017-06-26 02:23 +0000","247.0","0.0","0.0","0.0","0.0","0.0","0.0","0.0","0.0","0.0","0.0","0","0","0","0","0","0","0","-","-","-","-","-","-","-","-","-","-","-","-","-","-","-","-","-","-"
"879158894207143936","https://twitter.com/nickwan/status/879158894207143936","garcia can't solve means.","2017-06-26 02:06 +0000","272.0","0.0","0.0","0.0","0.0","0.0","0.0","0.0","0.0","0.0","0.0","0","0","0","0","0","0","0","-","-","-","-","-","-","-","-","-","-","-","-","-","-","-","-","-","-"
"879157019990773760","https://twitter.com/nickwan/status/879157019990773760","@cMadan lol subtweeting other confs i see","2017-06-26 01:59 +0000","363.0","7.0","0.01928374655647383","0.0","1.0","3.0","2.0","0.0","0.0","1.0","0.0","0","0","0","0","0","0","0","-","-","-","-","-","-","-","-","-","-","-","-","-","-","-","-","-","-"
"879154727241560064","https://twitter.com/nickwan/status/879154727241560064","@Nebula63 @mnitabach i'm marinating my sunday night in UFC","2017-06-26 01:49 +0000","70.0","4.0","0.05714285714285714","0.0","1.0","1.0","0.0","0.0","0.0","2.0","0.0","0","0","0","0","0","0","0","-","-","-","-","-","-","-","-","-","-","-","-","-","-","-","-","-","-"
"879150880355954688","https://twitter.com/nickwan/status/879150880355954688","siver's got this. 29-27 i'm saying.","2017-06-26 01:34 +0000","206.0","0.0","0.0","0.0","0.0","0.0","0.0","0.0","0.0","0.0","0.0","0","0","0","0","0","0","0","-","-","-","-","-","-","-","-","-","-","-","-","-","-","-","-","-","-"
"879150337386577920","https://twitter.com/nickwan/status/879150337386577920","siver's got this. bj's gonna need a KO now.","2017-06-26 01:32 +0000","221.0","1.0","0.004524886877828055","0.0","1.0","0.0","0.0","0.0","0.0","0.0","0.0","0","0","0","0","0","0","0","-","-","-","-","-","-","-","-","-","-","-","-","-","-","-","-","-","-"
"879150091294187522","https://twitter.com/nickwan/status/879150091294187522","siver's got this on critical hits rn... penn is waiting too long.","2017-06-26 01:31 +0000","156.0","1.0","0.00641025641025641","0.0","1.0","0.0","0.0","0.0","0.0","0.0","0.0","0","0","0","0","0","0","0","-","-","-","-","-","-","-","-","-","-","-","-","-","-","-","-","-","-"
"879149817561325568","https://twitter.com/nickwan/status/879149817561325568","penn is waiting -- or is that fatigue? unsure about body language.","2017-06-26 01:30 +0000","281.0","2.0","0.0071174377224199285","0.0","1.0","0.0","0.0","0.0","0.0","1.0","0.0","0","0","0","0","0","0","0","-","-","-","-","-","-","-","-","-","-","-","-","-","-","-","-","-","-"
"879149621804773376","https://twitter.com/nickwan/status/879149621804773376","i got this 19-19","2017-06-26 01:29 +0000","169.0","0.0","0.0","0.0","0.0","0.0","0.0","0.0","0.0","0.0","0.0","0","0","0","0","0","0","0","-","-","-","-","-","-","-","-","-","-","-","-","-","-","-","-","-","-"
"879149428061458433","https://twitter.com/nickwan/status/879149428061458433","wow. we're gonna get a street fight in rd 3 of siver penn! love it","2017-06-26 01:28 +0000","238.0","2.0","0.008403361344537815","0.0","1.0","0.0","1.0","0.0","0.0","0.0","0.0","0","0","0","0","0","0","0","-","-","-","-","-","-","-","-","-","-","-","-","-","-","-","-","-","-"
"879140312387551232","https://twitter.com/nickwan/status/879140312387551232","Tickled tho. 

cc @caitvw @amy_nusbaum","2017-06-26 00:52 +0000","411.0","13.0","0.031630170316301706","0.0","1.0","1.0","3.0","0.0","0.0","8.0","0.0","0","0","0","0","0","0","0","-","-","-","-","-","-","-","-","-","-","-","-","-","-","-","-","-","-"
"879136784067821569","https://twitter.com/nickwan/status/879136784067821569","@vivalaveloz @BlueWahoosBBall hah, that is our AA team!","2017-06-26 00:38 +0000","21.0","0.0","0.0","0.0","0.0","0.0","0.0","0.0","0.0","0.0","0.0","0","0","0","0","0","0","0","-","-","-","-","-","-","-","-","-","-","-","-","-","-","-","-","-","-"
"879134956596887552","https://twitter.com/nickwan/status/879134956596887552","@Nebula63 anyone who disagrees is unfollowed","2017-06-26 00:31 +0000","70.0","5.0","0.07142857142857142","0.0","1.0","2.0","1.0","0.0","0.0","1.0","0.0","0","0","0","0","0","0","0","-","-","-","-","-","-","-","-","-","-","-","-","-","-","-","-","-","-"
"879044926083936256","https://twitter.com/nickwan/status/879044926083936256","@synapticlee There's more sharks than shark fans!","2017-06-25 18:33 +0000","69.0","0.0","0.0","0.0","0.0","0.0","0.0","0.0","0.0","0.0","0.0","0","0","0","0","0","0","0","-","-","-","-","-","-","-","-","-","-","-","-","-","-","-","-","-","-"
"879016214332420096","https://twitter.com/nickwan/status/879016214332420096","Haha this is really neat. Animals represented in team names! https://t.co/5jkPqu28ki","2017-06-25 16:39 +0000","561.0","11.0","0.0196078431372549","1.0","3.0","4.0","1.0","0.0","0.0","2.0","0.0","0","0","0","0","0","0","0","-","-","-","-","-","-","-","-","-","-","-","-","-","-","-","-","-","-"
"878864755225657344","https://twitter.com/nickwan/status/878864755225657344","@cMadan @neuromusic @usethespacebar @spinicist I just gree","2017-06-25 06:37 +0000","153.0","4.0","0.026143790849673203","0.0","1.0","1.0","0.0","0.0","0.0","2.0","0.0","0","0","0","0","0","0","0","-","-","-","-","-","-","-","-","-","-","-","-","-","-","-","-","-","-"
"878862390108049408","https://twitter.com/nickwan/status/878862390108049408","Go away hiccups","2017-06-25 06:28 +0000","306.0","6.0","0.0196078431372549","0.0","1.0","3.0","1.0","0.0","0.0","1.0","0.0","0","0","0","0","0","0","0","-","-","-","-","-","-","-","-","-","-","-","-","-","-","-","-","-","-"
"878854257033826304","https://twitter.com/nickwan/status/878854257033826304","@amy_nusbaum This is fine. Overlay boxplot and it'll be good to go!","2017-06-25 05:55 +0000","113.0","1.0","0.008849557522123894","0.0","0.0","1.0","0.0","0.0","0.0","0.0","0.0","0","0","0","0","0","0","0","-","-","-","-","-","-","-","-","-","-","-","-","-","-","-","-","-","-"
"878685837558468609","https://twitter.com/nickwan/status/878685837558468609","@teresapho Haha relatable... Good luck!","2017-06-24 18:46 +0000","565.0","1.0","0.0017699115044247787","0.0","0.0","1.0","0.0","0.0","0.0","0.0","0.0","0","0","0","0","0","0","0","-","-","-","-","-","-","-","-","-","-","-","-","-","-","-","-","-","-"
"878678615239651328","https://twitter.com/nickwan/status/878678615239651328","@BoozyBrain Ew dudes","2017-06-24 18:18 +0000","113.0","4.0","0.035398230088495575","0.0","0.0","2.0","1.0","0.0","0.0","1.0","0.0","0","0","0","0","0","0","0","-","-","-","-","-","-","-","-","-","-","-","-","-","-","-","-","-","-"
"878635970408718336","https://twitter.com/nickwan/status/878635970408718336","I won't be at hbm this year y'all, sorry cog neuro fam!!","2017-06-24 15:28 +0000","310.0","3.0","0.00967741935483871","0.0","0.0","2.0","0.0","0.0","0.0","1.0","0.0","0","0","0","0","0","0","0","-","-","-","-","-","-","-","-","-","-","-","-","-","-","-","-","-","-"
"878624061508775936","https://twitter.com/nickwan/status/878624061508775936","@briancribb @Helena_LB [BADASS] : MC","2017-06-24 14:41 +0000","76.0","10.0","0.13157894736842105","0.0","0.0","2.0","2.0","0.0","0.0","6.0","0.0","0","0","0","0","0","0","0","-","-","-","-","-","-","-","-","-","-","-","-","-","-","-","-","-","-"
"878482894120996864","https://twitter.com/nickwan/status/878482894120996864","@KipnissNathan Oh I recognize the cut my dude. I respect the process","2017-06-24 05:20 +0000","23.0","2.0","0.08695652173913043","0.0","1.0","0.0","0.0","0.0","0.0","1.0","0.0","0","0","0","0","0","0","0","-","-","-","-","-","-","-","-","-","-","-","-","-","-","-","-","-","-"
"878476153236987905","https://twitter.com/nickwan/status/878476153236987905","@KipnissNathan Ooooooooooo that better be real af butter in that pan","2017-06-24 04:53 +0000","34.0","8.0","0.23529411764705882","0.0","2.0","0.0","0.0","0.0","0.0","6.0","0.0","0","0","0","0","0","0","0","-","-","-","-","-","-","-","-","-","-","-","-","-","-","-","-","-","-"
"878451943018033153","https://twitter.com/nickwan/status/878451943018033153","Does @zeiss_micro throw a Zeiss cream social at SfN?","2017-06-24 03:17 +0000","591.0","19.0","0.032148900169204735","1.0","1.0","8.0","2.0","0.0","0.0","7.0","0.0","0","0","0","0","0","0","0","-","-","-","-","-","-","-","-","-","-","-","-","-","-","-","-","-","-"
"878444927591604224","https://twitter.com/nickwan/status/878444927591604224","@theburntcity @Doctor_PMS @NE14NaCl_aq @ItsAFez66 Definitely the pirate","2017-06-24 02:49 +0000","266.0","7.0","0.02631578947368421","0.0","2.0","2.0","0.0","0.0","0.0","3.0","0.0","0","0","0","0","0","0","0","-","-","-","-","-","-","-","-","-","-","-","-","-","-","-","-","-","-"
"878436588845400066","https://twitter.com/nickwan/status/878436588845400066","@Free_Radical1 i'm a neuroscientist and i see exaggerated corpus callosum","2017-06-24 02:16 +0000","32.0","2.0","0.0625","0.0","0.0","1.0","0.0","0.0","0.0","1.0","0.0","0","0","0","0","0","0","0","-","-","-","-","-","-","-","-","-","-","-","-","-","-","-","-","-","-"
"878435603502727169","https://twitter.com/nickwan/status/878435603502727169","@superkash @cmacsbrain @TheErinCalipari is a lobster roll more of a hot dog or more of a sandwich?","2017-06-24 02:12 +0000","153.0","3.0","0.0196078431372549","0.0","0.0","0.0","0.0","0.0","0.0","3.0","0.0","0","0","0","0","0","0","0","-","-","-","-","-","-","-","-","-","-","-","-","-","-","-","-","-","-"
"878434009939881984","https://twitter.com/nickwan/status/878434009939881984","@superkash @TheErinCalipari @cmacsbrain i agree. like, falafel in a pita isn't a sandwich?","2017-06-24 02:06 +0000","258.0","13.0","0.050387596899224806","0.0","0.0","2.0","0.0","0.0","0.0","11.0","0.0","0","0","0","0","0","0","0","-","-","-","-","-","-","-","-","-","-","-","-","-","-","-","-","-","-"
"878433545852784640","https://twitter.com/nickwan/status/878433545852784640","@TheErinCalipari @cmacsbrain @superkash so like a burrito isn't but a calzone might be?","2017-06-24 02:04 +0000","171.0","6.0","0.03508771929824561","0.0","0.0","0.0","0.0","0.0","0.0","6.0","0.0","0","0","0","0","0","0","0","-","-","-","-","-","-","-","-","-","-","-","-","-","-","-","-","-","-"
"878432964559896577","https://twitter.com/nickwan/status/878432964559896577","@cmacsbrain @TheErinCalipari @superkash what is an open faced sandwich tho","2017-06-24 02:01 +0000","732.0","8.0","0.01092896174863388","0.0","1.0","1.0","3.0","0.0","0.0","3.0","0.0","0","0","0","0","0","0","0","-","-","-","-","-","-","-","-","-","-","-","-","-","-","-","-","-","-"
"878431289644384257","https://twitter.com/nickwan/status/878431289644384257","@TheErinCalipari @superkash this isn't completely the best, but i think it's pretty solid https://t.co/T1CQFYnsh4","2017-06-24 01:55 +0000","1532.0","220.0","0.14360313315926893","0.0","2.0","6.0","1.0","8.0","0.0","15.0","0.0","0","0","0","0","0","188","188","-","-","-","-","-","-","-","-","-","-","-","-","-","-","-","-","-","-"
"878413686645370880","https://twitter.com/nickwan/status/878413686645370880","@mikefeigin @drosophilosophy @AadilBharwani Unsure which had to wear for this one... https://t.co/PXjqt0qAFR","2017-06-24 00:45 +0000","161.0","19.0","0.11801242236024845","0.0","1.0","4.0","0.0","0.0","0.0","7.0","0.0","0","0","0","0","0","30","7","-","-","-","-","-","-","-","-","-","-","-","-","-","-","-","-","-","-"
"878411763762552832","https://twitter.com/nickwan/status/878411763762552832","@drosophilosophy tim have you heard about quartzy tho","2017-06-24 00:37 +0000","214.0","18.0","0.08411214953271028","0.0","1.0","3.0","6.0","0.0","0.0","8.0","0.0","0","0","0","0","0","0","0","-","-","-","-","-","-","-","-","-","-","-","-","-","-","-","-","-","-"
"878357639696072704","https://twitter.com/nickwan/status/878357639696072704","@M_Kosilo @Matt_Craddock @takingapartcats very!!!","2017-06-23 21:02 +0000","113.0","6.0","0.05309734513274336","0.0","1.0","2.0","0.0","0.0","0.0","3.0","0.0","0","0","0","0","0","0","0","-","-","-","-","-","-","-","-","-","-","-","-","-","-","-","-","-","-"
"878357015738933250","https://twitter.com/nickwan/status/878357015738933250","@M_Kosilo @Matt_Craddock @takingapartcats lol check your eeglablist emails!","2017-06-23 21:00 +0000","72.0","2.0","0.027777777777777776","0.0","1.0","1.0","0.0","0.0","0.0","0.0","0.0","0","0","0","0","0","0","0","-","-","-","-","-","-","-","-","-","-","-","-","-","-","-","-","-","-"
"878341116709548032","https://twitter.com/nickwan/status/878341116709548032","@takingapartcats i love how people are just sort of resorting to ""here's links"" but really they mean ""just google it""","2017-06-23 19:56 +0000","77.0","3.0","0.03896103896103896","0.0","2.0","1.0","0.0","0.0","0.0","0.0","0.0","0","0","0","0","0","0","0","-","-","-","-","-","-","-","-","-","-","-","-","-","-","-","-","-","-"
"878336429507706880","https://twitter.com/nickwan/status/878336429507706880","@takingapartcats lmao it's been entertaining but also like... why is it even still happening","2017-06-23 19:38 +0000","98.0","3.0","0.030612244897959183","0.0","1.0","0.0","0.0","0.0","0.0","2.0","0.0","0","0","0","0","0","0","0","-","-","-","-","-","-","-","-","-","-","-","-","-","-","-","-","-","-"
"878315831536402432","https://twitter.com/nickwan/status/878315831536402432","@StephenWant75 @dingding_peng @AlxEtz @RickCarlsson Wow you guys. Wowwww ðŸ˜‚ðŸ˜‚ðŸ˜‚","2017-06-23 18:16 +0000","127.0","3.0","0.023622047244094488","0.0","0.0","1.0","0.0","0.0","0.0","2.0","0.0","0","0","0","0","0","0","0","-","-","-","-","-","-","-","-","-","-","-","-","-","-","-","-","-","-"
"878311353127186434","https://twitter.com/nickwan/status/878311353127186434","@benjamingaines ðŸ»","2017-06-23 17:58 +0000","50.0","0.0","0.0","0.0","0.0","0.0","0.0","0.0","0.0","0.0","0.0","0","0","0","0","0","0","0","-","-","-","-","-","-","-","-","-","-","-","-","-","-","-","-","-","-"
"878297898819219457","https://twitter.com/nickwan/status/878297898819219457","@StrangeSource bad wan bad wan","2017-06-23 17:05 +0000","55.0","1.0","0.01818181818181818","0.0","0.0","1.0","0.0","0.0","0.0","0.0","0.0","0","0","0","0","0","0","0","-","-","-","-","-","-","-","-","-","-","-","-","-","-","-","-","-","-"
"878297796129849345","https://twitter.com/nickwan/status/878297796129849345","@CausalKathy this is true victory lap goals","2017-06-23 17:04 +0000","63.0","1.0","0.015873015873015872","0.0","0.0","0.0","1.0","0.0","0.0","0.0","0.0","0","0","0","0","0","0","0","-","-","-","-","-","-","-","-","-","-","-","-","-","-","-","-","-","-"
"878270750603530240","https://twitter.com/nickwan/status/878270750603530240","@KLambPhD @artologica this is so cray!","2017-06-23 15:17 +0000","39.0","0.0","0.0","0.0","0.0","0.0","0.0","0.0","0.0","0.0","0.0","0","0","0","0","0","0","0","-","-","-","-","-","-","-","-","-","-","-","-","-","-","-","-","-","-"
"878250200988606464","https://twitter.com/nickwan/status/878250200988606464","@artologica ikr?!?! like, i had no clue but for whatever reason recall both songs and thought nothing of it","2017-06-23 13:55 +0000","67.0","3.0","0.04477611940298507","0.0","1.0","0.0","0.0","0.0","0.0","2.0","0.0","0","0","0","0","0","0","0","-","-","-","-","-","-","-","-","-","-","-","-","-","-","-","-","-","-"
"878240809543446528","https://twitter.com/nickwan/status/878240809543446528","This is way crazier of a story now that I'm not 10 https://t.co/VBsbyfn2vv","2017-06-23 13:18 +0000","856.0","5.0","0.005841121495327103","1.0","1.0","2.0","0.0","0.0","0.0","1.0","0.0","0","0","0","0","0","0","0","-","-","-","-","-","-","-","-","-","-","-","-","-","-","-","-","-","-"
"878100688416325633","https://twitter.com/nickwan/status/878100688416325633","Shout out to that do who just shouted out Bacon as loud as possible","2017-06-23 04:01 +0000","340.0","4.0","0.011764705882352941","0.0","1.0","2.0","0.0","0.0","0.0","1.0","0.0","0","0","0","0","0","0","0","-","-","-","-","-","-","-","-","-","-","-","-","-","-","-","-","-","-"
"878100219392643072","https://twitter.com/nickwan/status/878100219392643072","@jakewhitacre SUFFOCATION. NO BREATHING.","2017-06-23 03:59 +0000","57.0","3.0","0.05263157894736842","0.0","0.0","1.0","0.0","0.0","0.0","2.0","0.0","0","0","0","0","0","0","0","-","-","-","-","-","-","-","-","-","-","-","-","-","-","-","-","-","-"
"878099264127283200","https://twitter.com/nickwan/status/878099264127283200","Lmao dictionary. Lmao https://t.co/SFMyeOURjB","2017-06-23 03:55 +0000","271.0","1.0","0.0036900369003690036","0.0","0.0","1.0","0.0","0.0","0.0","0.0","0.0","0","0","0","0","0","0","0","-","-","-","-","-","-","-","-","-","-","-","-","-","-","-","-","-","-"
"878097424958365697","https://twitter.com/nickwan/status/878097424958365697","Jordan Bell gonna get a ringggg","2017-06-23 03:48 +0000","306.0","1.0","0.0032679738562091504","0.0","0.0","0.0","0.0","0.0","0.0","1.0","0.0","0","0","0","0","0","0","0","-","-","-","-","-","-","-","-","-","-","-","-","-","-","-","-","-","-"
"878090482315919360","https://twitter.com/nickwan/status/878090482315919360","don't @ me","2017-06-23 03:20 +0000","258.0","1.0","0.003875968992248062","0.0","0.0","1.0","0.0","0.0","0.0","0.0","0.0","0","0","0","0","0","0","0","-","-","-","-","-","-","-","-","-","-","-","-","-","-","-","-","-","-"
"878090444369952773","https://twitter.com/nickwan/status/878090444369952773","I WANT FULL OJELEYE","2017-06-23 03:20 +0000","283.0","2.0","0.007067137809187279","0.0","1.0","0.0","0.0","0.0","0.0","0.0","1.0","0","0","0","0","0","0","0","-","-","-","-","-","-","-","-","-","-","-","-","-","-","-","-","-","-"
"878089736501571584","https://twitter.com/nickwan/status/878089736501571584","don't @ me just lol","2017-06-23 03:18 +0000","255.0","0.0","0.0","0.0","0.0","0.0","0.0","0.0","0.0","0.0","0.0","0","0","0","0","0","0","0","-","-","-","-","-","-","-","-","-","-","-","-","-","-","-","-","-","-"
"878089684550692864","https://twitter.com/nickwan/status/878089684550692864","""BOLDEN. FROM SERBIA.""

TV: WOW BOLDEN FROM AUSTRALIA!","2017-06-23 03:17 +0000","343.0","8.0","0.023323615160349854","0.0","3.0","0.0","0.0","0.0","0.0","3.0","2.0","0","0","0","0","0","0","0","-","-","-","-","-","-","-","-","-","-","-","-","-","-","-","-","-","-"
"878084529705168896","https://twitter.com/nickwan/status/878084529705168896","Mark Tatum is legit a cyborg","2017-06-23 02:57 +0000","234.0","0.0","0.0","0.0","0.0","0.0","0.0","0.0","0.0","0.0","0.0","0","0","0","0","0","0","0","-","-","-","-","-","-","-","-","-","-","-","-","-","-","-","-","-","-"
"878081695395840000","https://twitter.com/nickwan/status/878081695395840000","can't wait for three of these first rounders to join the dubs in 2 years","2017-06-23 02:46 +0000","263.0","4.0","0.015209125475285171","0.0","0.0","2.0","0.0","0.0","0.0","2.0","0.0","0","0","0","0","0","0","0","-","-","-","-","-","-","-","-","-","-","-","-","-","-","-","-","-","-"
"877963046412574724","https://twitter.com/nickwan/status/877963046412574724","@Kurt_Fraser manifolds?","2017-06-22 18:54 +0000","268.0","7.0","0.026119402985074626","0.0","0.0","7.0","0.0","0.0","0.0","0.0","0.0","0","0","0","0","0","0","0","-","-","-","-","-","-","-","-","-","-","-","-","-","-","-","-","-","-"
"877962916959469568","https://twitter.com/nickwan/status/877962916959469568","@BenSaunders @caitvw @mattcovey ooooo #aboutthatlife","2017-06-22 18:54 +0000","412.0","3.0","0.007281553398058253","0.0","1.0","2.0","0.0","0.0","0.0","0.0","0.0","0","0","0","0","0","0","0","-","-","-","-","-","-","-","-","-","-","-","-","-","-","-","-","-","-"
"877952599080615936","https://twitter.com/nickwan/status/877952599080615936","My TL is filled with bright-eyed non-academics who've blocked me","2017-06-22 18:13 +0000","494.0","18.0","0.03643724696356275","1.0","1.0","10.0","2.0","0.0","0.0","4.0","0.0","0","0","0","0","0","0","0","-","-","-","-","-","-","-","-","-","-","-","-","-","-","-","-","-","-"
"877873368346664964","https://twitter.com/nickwan/status/877873368346664964","@synapticlee Ketchup rice wtf","2017-06-22 12:58 +0000","39.0","1.0","0.02564102564102564","0.0","0.0","0.0","0.0","0.0","0.0","1.0","0.0","0","0","0","0","0","0","0","-","-","-","-","-","-","-","-","-","-","-","-","-","-","-","-","-","-"
"877792073478524929","https://twitter.com/nickwan/status/877792073478524929","@amaditalks I worked for domino's in HS and we bent over backwards to make things right. Maybe it was just us in that store tho","2017-06-22 07:35 +0000","130.0","1.0","0.007692307692307693","0.0","0.0","1.0","0.0","0.0","0.0","0.0","0.0","0","0","0","0","0","0","0","-","-","-","-","-","-","-","-","-","-","-","-","-","-","-","-","-","-"
"877791850853265409","https://twitter.com/nickwan/status/877791850853265409","@amaditalks I lived on a basement floor of a split level and would say to call me instead of knock. They never called. Idk how people get trained now","2017-06-22 07:34 +0000","132.0","3.0","0.022727272727272728","0.0","1.0","1.0","0.0","0.0","0.0","1.0","0.0","0","0","0","0","0","0","0","-","-","-","-","-","-","-","-","-","-","-","-","-","-","-","-","-","-"
"877785912368799745","https://twitter.com/nickwan/status/877785912368799745","Interesting https://t.co/ahTiNKtKII","2017-06-22 07:10 +0000","291.0","2.0","0.006872852233676976","0.0","1.0","1.0","0.0","0.0","0.0","0.0","0.0","0","0","0","0","0","0","0","-","-","-","-","-","-","-","-","-","-","-","-","-","-","-","-","-","-"
"877668100463771648","https://twitter.com/nickwan/status/877668100463771648","@HamiltonPug @alexis_porter21","2017-06-21 23:22 +0000","37.0","2.0","0.05405405405405406","0.0","0.0","0.0","1.0","0.0","0.0","1.0","0.0","0","0","0","0","0","0","0","-","-","-","-","-","-","-","-","-","-","-","-","-","-","-","-","-","-"
"877667942493802497","https://twitter.com/nickwan/status/877667942493802497","IT'S #PUGCHAT!! https://t.co/4ulDBBtM6c","2017-06-21 23:21 +0000","342.0","4.0","0.011695906432748537","0.0","0.0","4.0","0.0","0.0","0.0","0.0","0.0","0","0","0","0","0","0","0","-","-","-","-","-","-","-","-","-","-","-","-","-","-","-","-","-","-"
"877662440061755392","https://twitter.com/nickwan/status/877662440061755392","whoa! https://t.co/raXHjWYPam","2017-06-21 23:00 +0000","317.0","3.0","0.00946372239747634","1.0","0.0","1.0","0.0","0.0","0.0","1.0","0.0","0","0","0","0","0","0","0","-","-","-","-","-","-","-","-","-","-","-","-","-","-","-","-","-","-"
"877662137488875520","https://twitter.com/nickwan/status/877662137488875520","Looking to leave academia, anyone? https://t.co/lKJgKSaTcG","2017-06-21 22:58 +0000","289.0","1.0","0.0034602076124567475","0.0","0.0","1.0","0.0","0.0","0.0","0.0","0.0","0","0","0","0","0","0","0","-","-","-","-","-","-","-","-","-","-","-","-","-","-","-","-","-","-"
"877659966131195913","https://twitter.com/nickwan/status/877659966131195913","@caitvw @amy_nusbaum @BenSaunders @_neurd @MIT_Picower just hijack dopamine dinner at sfn and theme it competitive tickling","2017-06-21 22:50 +0000","327.0","4.0","0.012232415902140673","0.0","0.0","2.0","0.0","0.0","0.0","2.0","0.0","0","0","0","0","0","0","0","-","-","-","-","-","-","-","-","-","-","-","-","-","-","-","-","-","-"
"877657069276495872","https://twitter.com/nickwan/status/877657069276495872","good luck to @NeuroCoding tomorrow! neuro twitter is root for ya!","2017-06-21 22:38 +0000","326.0","9.0","0.027607361963190184","0.0","0.0","2.0","5.0","0.0","0.0","2.0","0.0","0","0","0","0","0","0","0","-","-","-","-","-","-","-","-","-","-","-","-","-","-","-","-","-","-"
"877655977964617728","https://twitter.com/nickwan/status/877655977964617728","@amy_nusbaum @caitvw @BenSaunders @_neurd @MIT_Picower omg theme of the century.","2017-06-21 22:34 +0000","369.0","8.0","0.02168021680216802","0.0","1.0","3.0","1.0","0.0","0.0","3.0","0.0","0","0","0","0","0","0","0","-","-","-","-","-","-","-","-","-","-","-","-","-","-","-","-","-","-"
"877558202010828800","https://twitter.com/nickwan/status/877558202010828800","@Helena_LB i still have my weird glasses on rn","2017-06-21 16:05 +0000","159.0","3.0","0.018867924528301886","0.0","1.0","1.0","0.0","0.0","0.0","1.0","0.0","0","0","0","0","0","0","0","-","-","-","-","-","-","-","-","-","-","-","-","-","-","-","-","-","-"
"877420939188875265","https://twitter.com/nickwan/status/877420939188875265","@AmandaMichelle Good luck!!!!","2017-06-21 07:00 +0000","26.0","1.0","0.038461538461538464","0.0","1.0","0.0","0.0","0.0","0.0","0.0","0.0","0","0","0","0","0","0","0","-","-","-","-","-","-","-","-","-","-","-","-","-","-","-","-","-","-"
"877420360353841153","https://twitter.com/nickwan/status/877420360353841153","Man. I mean, it's okay to make a mistake... But to say it wasn't a mistake? And that you wouldn't fix it?","2017-06-21 06:58 +0000","253.0","9.0","0.03557312252964427","0.0","0.0","0.0","3.0","0.0","0.0","6.0","0.0","0","0","0","0","0","0","0","-","-","-","-","-","-","-","-","-","-","-","-","-","-","-","-","-","-"
"877416708817989632","https://twitter.com/nickwan/status/877416708817989632","@mcten @JohnMiddlekauff ðŸ˜‚ðŸ˜‚ðŸ˜‚ so that warriors front office must be pretty foolish to you for building around the guy, huh?","2017-06-21 06:43 +0000","1300.0","27.0","0.02076923076923077","1.0","0.0","7.0","4.0","0.0","0.0","15.0","0.0","0","0","0","0","0","0","0","-","-","-","-","-","-","-","-","-","-","-","-","-","-","-","-","-","-"
"877409678631809024","https://twitter.com/nickwan/status/877409678631809024","@BatesPhysio nw reporting live from Cincinnati!","2017-06-21 06:15 +0000","96.0","5.0","0.052083333333333336","0.0","1.0","2.0","0.0","0.0","0.0","2.0","0.0","0","0","0","0","0","0","0","-","-","-","-","-","-","-","-","-","-","-","-","-","-","-","-","-","-"
"877409520842145796","https://twitter.com/nickwan/status/877409520842145796","@Helena_LB @susanallora snek + legs","2017-06-21 06:15 +0000","78.0","2.0","0.02564102564102564","0.0","0.0","1.0","0.0","0.0","0.0","1.0","0.0","0","0","0","0","0","0","0","-","-","-","-","-","-","-","-","-","-","-","-","-","-","-","-","-","-"
"877368406747500546","https://twitter.com/nickwan/status/877368406747500546","@GainesOnBrains  https://t.co/uQkPWVC1Ek","2017-06-21 03:31 +0000","143.0","16.0","0.11188811188811189","0.0","1.0","0.0","0.0","0.0","0.0","3.0","0.0","0","0","0","0","0","12","12","-","-","-","-","-","-","-","-","-","-","-","-","-","-","-","-","-","-"
"877345600328609792","https://twitter.com/nickwan/status/877345600328609792","@LizAlbertorio at the end of college, i started learning MATLAB!","2017-06-21 02:01 +0000","43.0","0.0","0.0","0.0","0.0","0.0","0.0","0.0","0.0","0.0","0.0","0","0","0","0","0","0","0","-","-","-","-","-","-","-","-","-","-","-","-","-","-","-","-","-","-"
"877344820183711745","https://twitter.com/nickwan/status/877344820183711745","just a single day? probably Shane Kimbrough, the commander of the ISS. Space would be legitttt #YPSportsChat https://t.co/veJPxXNiwH","2017-06-21 01:58 +0000","457.0","2.0","0.00437636761487965","0.0","0.0","1.0","1.0","0.0","0.0","0.0","0.0","0","0","0","0","0","0","0","-","-","-","-","-","-","-","-","-","-","-","-","-","-","-","-","-","-"
"877344496744366080","https://twitter.com/nickwan/status/877344496744366080","whoa https://t.co/XIpGV0j0bZ","2017-06-21 01:56 +0000","267.0","0.0","0.0","0.0","0.0","0.0","0.0","0.0","0.0","0.0","0.0","0","0","0","0","0","0","0","-","-","-","-","-","-","-","-","-","-","-","-","-","-","-","-","-","-"
"877342448288096257","https://twitter.com/nickwan/status/877342448288096257","Learn to code back in HS #YPSportsChat https://t.co/EDOLuRQdDX","2017-06-21 01:48 +0000","383.0","6.0","0.015665796344647518","0.0","1.0","1.0","1.0","0.0","0.0","3.0","0.0","0","0","0","0","0","0","0","-","-","-","-","-","-","-","-","-","-","-","-","-","-","-","-","-","-"
"877339335552450561","https://twitter.com/nickwan/status/877339335552450561","Take advantage of conferences! Most universities have funding available for you to attend a conf! I'm in baseball ops. #YPSportsChat https://t.co/uPG4QlSQnP","2017-06-21 01:36 +0000","416.0","6.0","0.014423076923076924","0.0","0.0","4.0","1.0","0.0","0.0","1.0","0.0","0","0","0","0","0","0","0","-","-","-","-","-","-","-","-","-","-","-","-","-","-","-","-","-","-"
"877336896116076544","https://twitter.com/nickwan/status/877336896116076544","@dotsonc what happens when you turn it to landscape mode","2017-06-21 01:26 +0000","19.0","2.0","0.10526315789473684","0.0","1.0","0.0","0.0","0.0","0.0","1.0","0.0","0","0","0","0","0","0","0","-","-","-","-","-","-","-","-","-","-","-","-","-","-","-","-","-","-"
"877334035294412800","https://twitter.com/nickwan/status/877334035294412800","@CausalKathy front offices out here like ""THAT GIF GIRL IS AWAY, PULL THE TRIGGER""","2017-06-21 01:15 +0000","65.0","2.0","0.03076923076923077","0.0","0.0","1.0","0.0","0.0","0.0","1.0","0.0","0","0","0","0","0","0","0","-","-","-","-","-","-","-","-","-","-","-","-","-","-","-","-","-","-"
"877333480140492800","https://twitter.com/nickwan/status/877333480140492800","Hit a home run in wiffleball hahaha  #YPSportsChat https://t.co/YTSyswLpew","2017-06-21 01:12 +0000","335.0","1.0","0.0029850746268656717","0.0","0.0","1.0","0.0","0.0","0.0","0.0","0.0","0","0","0","0","0","0","0","-","-","-","-","-","-","-","-","-","-","-","-","-","-","-","-","-","-"
"877329674308796423","https://twitter.com/nickwan/status/877329674308796423","@cmacsbrain @Lyndie @DrJKhokhar tingus pingus should be the easier trade, right? you can mix a future first + jerebko. jimmy buckets you'd have to clear a lot of cap for.","2017-06-21 00:57 +0000","153.0","5.0","0.032679738562091505","0.0","1.0","1.0","0.0","0.0","0.0","3.0","0.0","0","0","0","0","0","0","0","-","-","-","-","-","-","-","-","-","-","-","-","-","-","-","-","-","-"
"877327155436240896","https://twitter.com/nickwan/status/877327155436240896","@al_cibiades @XFINITY Can't wait for Google fiber to take over","2017-06-21 00:47 +0000","51.0","0.0","0.0","0.0","0.0","0.0","0.0","0.0","0.0","0.0","0.0","0","0","0","0","0","0","0","-","-","-","-","-","-","-","-","-","-","-","-","-","-","-","-","-","-"
"877319967158358016","https://twitter.com/nickwan/status/877319967158358016","#FirstGifComesUpForYourName https://t.co/di6gKPCGLf","2017-06-21 00:19 +0000","301.0","8.0","0.026578073089700997","0.0","0.0","1.0","0.0","0.0","0.0","2.0","0.0","0","0","0","0","0","48","5","-","-","-","-","-","-","-","-","-","-","-","-","-","-","-","-","-","-"
"877312218718711810","https://twitter.com/nickwan/status/877312218718711810","@M_Kosilo @hisotalus @back2brains But so tasty","2017-06-20 23:48 +0000","100.0","4.0","0.04","0.0","0.0","3.0","0.0","0.0","0.0","1.0","0.0","0","0","0","0","0","0","0","-","-","-","-","-","-","-","-","-","-","-","-","-","-","-","-","-","-"
"877304749468549120","https://twitter.com/nickwan/status/877304749468549120","@vonOberst These replies omgggggggg ðŸ˜‚ðŸ˜‚ðŸ˜‚ðŸ˜‚ðŸ˜‚ðŸ˜‚","2017-06-20 23:18 +0000","314.0","9.0","0.028662420382165606","0.0","1.0","1.0","0.0","0.0","0.0","7.0","0.0","0","0","0","0","0","0","0","-","-","-","-","-","-","-","-","-","-","-","-","-","-","-","-","-","-"
"877304318570921984","https://twitter.com/nickwan/status/877304318570921984","@hisotalus @M_Kosilo @back2brains Just reading through now, #dopamind is solid","2017-06-20 23:17 +0000","81.0","4.0","0.04938271604938271","0.0","0.0","3.0","0.0","0.0","0.0","1.0","0.0","0","0","0","0","0","0","0","-","-","-","-","-","-","-","-","-","-","-","-","-","-","-","-","-","-"
"877304095610212362","https://twitter.com/nickwan/status/877304095610212362","@hisotalus @M_Kosilo @back2brains #sleeg is more character-conscious so you can get more content in those tweets. Also still lolol","2017-06-20 23:16 +0000","102.0","5.0","0.049019607843137254","0.0","2.0","2.0","0.0","0.0","0.0","1.0","0.0","0","0","0","0","0","0","0","-","-","-","-","-","-","-","-","-","-","-","-","-","-","-","-","-","-"
"877300322808590337","https://twitter.com/nickwan/status/877300322808590337","@HendoArt Lol I suppose this isn't surprising","2017-06-20 23:01 +0000","93.0","2.0","0.021505376344086023","0.0","0.0","1.0","0.0","0.0","0.0","1.0","0.0","0","0","0","0","0","0","0","-","-","-","-","-","-","-","-","-","-","-","-","-","-","-","-","-","-"
"877291095272681472","https://twitter.com/nickwan/status/877291095272681472","@al_cibiades @XFINITY i wish this upon no one","2017-06-20 22:24 +0000","82.0","7.0","0.08536585365853659","0.0","1.0","0.0","0.0","0.0","0.0","6.0","0.0","0","0","0","0","0","0","0","-","-","-","-","-","-","-","-","-","-","-","-","-","-","-","-","-","-"
